"case","year","difficulty","discrimination"
"18_766",18,0.417204953999202,-1.82138395934044
"18_1521",18,-0.467505586101536,-0.481196024007478
"23_819",23,0.384740657032038,-2.00373561465303
"19_511",19,0.637090036211017,-2.12840708107657
"20_1531",20,-0.423513221685986,-3.77149988567977
"23_727",23,-1.28325335087733,-3.67463043662585
"22_200",22,0.240102435625739,-1.50280209863122
"19_357",19,-0.0420413245861414,1.87834090515256
"23_753",23,0.946775118866625,-0.415115145165159
"21_1599",21,0.473620235774076,-1.0507317589307
"19_1231",19,-0.533898472450624,-2.80424119558021
"18_1451",18,0.305814373046204,-1.52447228905335
"19_292",19,0.626189572224605,-1.1039557937537
"23_156",23,0.492425551888693,-2.04552965353409
"19_841",19,0.61375934255596,1.64229916411946
"19_547",19,-0.707687610503282,0.237814528310651
"20_827",20,-0.657574787370408,-1.55458386200533
"23_926",23,0.661442180891661,-2.6902420403307
"24_109",24,-0.541899372452472,0.0647540718644883
"20_928",20,0.138713959270279,1.40000696147958
"21_499",21,0.0126850326821016,0.841731153128497
"21_234",21,0.650967614570515,-0.0933290105943214
"18_6135",18,0.549903229673523,1.25435621834072
"22_842",22,0.856028998445459,-3.59868928896235
"19_676",19,0.973748854363079,-0.288387460211121
"22_824",22,0.470234289914593,-1.26540861419976
"18_726",18,-0.840390837627446,-2.30195833930518
"22_1165",22,-0.0542405571941457,-2.14461118106465
"23_876",23,0.613791093592557,-2.71542770184387
"18_18",18,0.623891467588944,-1.04953585199054
"24_316",24,0.843926232491561,2.05509928655909
"23_344",23,0.613318837166548,-0.733532974784864
"21_377",21,-0.556248014211442,-0.0667370155259945
"20_255",20,-1.46776276850585,0.524343458571726
"19_416",19,-0.196066047952572,-2.39334703583868
"23_1039",23,-0.176762379252345,-2.22670739843128
"20_1778",20,-0.415047350397862,-3.80189720211207
"18_5924",18,0.56807754532708,0.197165106327147
"22_1125",22,0.42062176574153,-1.78838683848916
"23_852",23,-0.312639729185707,3.60839250706513
"24_354",24,0.0158760430805878,4.64277593045929
"24_43",24,1.02345803322898,-3.11382972986593
"23_970",23,0.224245868330778,-1.80337389120942
"21_707",21,-0.718588467961181,-6.36104976609244
"21_1557",21,0.664337080989221,-0.750677635052126
"19_1461",19,0.701155577824554,-1.53685981920086
"22_884",22,0.531515759660628,1.6598805333826
"21_1496",21,0.869121649530523,-0.141269781613601
"21_779",21,0.33117307316878,-1.83537533761049
"18_556",18,-0.502731197672655,0.550376769845732
"18_1028",18,0.384753979178442,0.116185172613576
"20_303",20,-0.838106425322342,-2.01601625709432
"22_800",22,0.0873951513922775,-2.07654113320327
"18_12",18,0.531954152514849,-2.05769263904454
"23_997",23,-0.102880124725841,1.0210383986488
"18_944",18,0.749964887980207,-1.76203585709178
"21_1239",21,-0.301470001729905,1.89579623508986
"18_1334",18,-0.477531470608947,-0.490278263744077
"22_96",22,-0.639393144489966,-1.05654367529885
"20_1375",20,0.378991407208642,-1.33040904144488
"22_9",22,0.497771823616114,-0.348955299061391
"21_802",21,0.547586750031836,-2.16192496622981
"19_1173",19,0.511125091607355,0.0621195913554619
"18_956",18,0.347968174215967,1.6423673627229
"21_145",21,0.573282260835382,-2.06851520107534
"22_447",22,0.334292281400289,-1.32338649653652
"19_67",19,-0.678026304196429,-0.660774673469758
"18_451",18,0.434304497256376,-1.68693547035788
"22_674",22,0.533684872987779,1.65795502352855
"21_563",21,0.224562707672967,-1.60104495243178
"22_913",22,0.344168915581625,-1.82350755721027
"19_373",19,0.82973111046562,0.300129328268558
"21_328",21,-0.0189250565659373,1.67982088133837
"21_118",21,0.715526429969861,-0.0765957069661217
"18_1233",18,-0.306046029926115,0.685494973538872
"20_1069",20,0.454379766637597,-1.42991367296943
"19_840",19,0.956164838932824,3.91792592773407
"23_1276",23,0.419985230790112,-1.46998380795544
"22_1219",22,0.561623516082222,-2.49653995159896
"20_326",20,0.418136970433927,-0.995366723756993
"22_179",22,-1.27391817311168,-1.21240596313387
"24_568",24,0.40183957144116,-2.02156952211748
"23_583",23,0.343363670109221,1.27437843823486
"23_13",23,0.469781661398574,-1.3459725031527
"18_776",18,0.771182183337704,1.37531223065721
"19_168",19,0.689540809084594,-2.196142137587
"19_1078",19,0.478154145072472,-1.57228206665271
"19_847",19,0.415740943988829,-1.74962566045498
"23_1270",23,0.565852399291313,0.374727604658417
"18_1150",18,-0.795750681395863,-0.371851675515404
"20_54",20,0.376269943846522,-1.76716378427574
"19_454",19,-0.729812258939204,-5.50023344832722
"21_1326",21,-0.58984043129913,1.19350117072736
"18_302",18,-0.690675018072662,0.909874770885393
"21_241",21,0.415806535248199,-1.5300494003826
"22_1208",22,0.357911722262219,-1.38825188317561
"23_274",23,0.261460868898451,-1.58188073870535
"18_824",18,0.650787360616289,-1.38001118775954
"18_389",18,0.310795481077395,-1.37551620768961
"21_57",21,0.478328752516778,-0.487455148873085
"20_297",20,0.0803224921503257,-3.06169263058224
"23_191",23,0.736764906046943,0.512557127287151
"21_1394",21,0.627116867363684,1.74287754135451
"22_1078",22,0.341118780994427,-0.149227835914456
"20_1034",20,0.485941262566948,1.22376667149207
"21_1284",21,0.519060557196181,-1.59739678514424
"20_437",20,-0.393505842419113,-1.08125587097479
"23_51",23,-0.114536914645535,2.31628766537493
"20_138",20,-0.222703366937905,-0.350453405056765
"18_525",18,0.542599362211347,-0.63807281040574
"22_429",22,-0.345591953756781,-3.67985460551392
"20_1223",20,0.541619057353723,-1.97176530557657
"21_1195",21,0.208446380422846,-1.5856024429545
"23_935",23,0.517716299059326,-1.52058494444194
"18_1578",18,-0.279743015380609,0.424120473716603
"22_204",22,0.531637475021418,-2.36116435001887
"22_138",22,0.209591668561396,-0.964616459827412
"18_54",18,0.294238321123872,-1.48099414063151
"21_1087",21,0.0296771902422681,-3.36447505357608
"18_15",18,1.14541916958806,-2.17335864291837
"23_3",23,0.11998985038371,-1.92929581563462
"21_800",21,0.407129617644507,-1.93789826456623
"24_319",24,0.491975955387465,-1.48701074372677
"18_1019",18,0.587305948316055,-1.81656285308821
"18_882",18,0.454244594200165,1.34100756900925
"20_1693",20,0.507541550841623,-0.951254884054019
"22_105",22,0.186324433747933,-2.3102854412764
"19_1261",19,0.983992967194942,0.024146302147269
"19_1458",19,-0.020080664195403,0.738689806223866
"19_251",19,1.44810929022372,-3.29005214240071
"19_508",19,0.342430387329487,-2.11315673689221
"19_430",19,0.491384466906411,-0.134837473946605
"20_276",20,0.231428786591781,-1.69526302694475
"23_235",23,0.235657754873169,6.19125556167483
"19_1401",19,-0.0841669775164603,2.46582331988736
"20_1019",20,0.434551362008287,-1.82482675405809
"18_1165",18,0.349055443474435,-1.57793104383109
"18_450",18,0.328906448981475,-1.62096415560098
"22_331",22,0.00742710881979383,1.01638114563232
"23_133",23,0.250685930159733,-1.56136171101226
"22_324",22,-1.10457418283731,-0.130861966883474
"19_423",19,0.494033347260041,-1.15350574966818
"19_309",19,0.26600095702881,-0.116328595369815
"21_463",21,0.433533593469773,2.37411910316647
"18_588",18,-1.75161009955911,-4.01672969958161
"23_719",23,0.0335470498494299,-3.45940075776955
"19_46",19,-0.464888247963385,0.16685196990645
"18_280",18,0.444209243411517,-3.38421257250172
"18_1015",18,0.769642373271677,1.37755767936816
"18_1116",18,0.190518254046641,-1.72640651194572
"20_18",20,1.13460481285539,-0.973876161433643
"19_897",19,-0.808827526938134,-2.06817947740539
"18_587",18,-1.58110710071215,-4.84255945932829
"19_1009",19,0.878678847261042,-0.197898386218456
"22_1130",22,0.599992288928331,-1.70775307989534
"20_1650",20,0.826877548995416,0.263814177868632
"20_107",20,-0.285275446964968,-3.48559808946143
"21_541",21,0.924603421477478,-0.389993662294462
"24_396",24,0.404772702200047,-1.64709463909876
"19_863",19,0.580681752074182,1.7480968118213
"21_442",21,0.718820673967747,0.148001396511142
"23_74",23,0.741280759982434,-2.40312401519399
"23_170",23,0.676173412797156,-2.70823770206352
"18_84",18,0.450085635588988,-1.7017230265357
"21_1043",21,-0.496472507681561,-0.327996867677097
"19_431",19,-0.647985756130342,-5.61817791674461
"20_1573",20,0.247975024572623,-2.36089626848773
"19_1029",19,0.742350785686188,-0.720650825851222
"23_477",23,-0.185333288363522,5.35275928446051
"18_589",18,-1.58895855173684,-4.79050419291521
"21_376",21,-0.555478783154615,-0.0678959300695619
"18_485",18,0.302907580621294,-0.658426231206154
"19_688",19,0.66868563575827,-1.61935151775499
"24_203",24,0.75256700026653,-2.29040144577561
"24_350",24,0.358333228393901,-1.30691263979868
"23_833",23,0.425663854240327,-1.99686896747869
"22_1080",22,0.572748812660555,0.0125182938000649
"22_704",22,-0.0780746199514524,1.32111922519668
"21_69",21,0.288056393726495,-1.52031783795643
"23_1150",23,0.485713521384856,-0.453188339479958
"20_443",20,-0.28811163016946,-0.628427337806125
"24_756",24,0.83829235712837,-0.840922360321383
"21_380",21,-1.02740302692522,-0.538454263583074
"18_1538",18,0.32431632739004,-1.569453865279
"21_1333",21,-1.20647639918383,-0.767898328341677
"18_422",18,-0.823361110108314,-2.3045000857557
"24_718",24,0.7115056344884,-2.51639470902513
"18_1195",18,0.151129385997442,-4.87868786801844
"19_635",19,-0.103434742226904,-1.5189243761689
"19_715",19,-0.094353000512566,-2.18158715958655
"18_966",18,-0.914741463589459,-4.56502808921531
"23_450",23,0.701826267073289,-2.54133055184317
"19_1066",19,0.487091735062794,-1.56161373860648
"23_939",23,0.107691455724116,-3.12005139586395
"21_1405",21,0.544045252011745,-0.760902930168362
"24_657",24,-0.238035328196238,2.42506473765281
"23_217",23,0.82761064812069,-0.544140455951754
"22_193",22,-0.293932704409192,1.20792167203928
"23_50",23,0.139057444945608,-1.19805465113836
"22_227",22,-0.232369823877997,-0.808893824776148
"24_38",24,0.97901488798114,-3.07581198965639
"20_569",20,0.50016977511071,-2.21485133960318
"18_663",18,0.360534571710435,-1.32947662626397
"22_942",22,0.556882402784167,-2.11354624736428
"22_58",22,0.904444847238235,3.10057188002061
"19_1434",19,0.285796776478578,1.15649313222856
"22_976",22,-0.464245864202444,3.59308363044506
"17_1623",17,-1.09900382747243,-1.60012302940199
"18_359",18,0.358759672250008,-1.66189064500394
"18_1259",18,0.697058990068491,1.46549914648576
"22_1178",22,-1.06573235472324,0.0539813548292113
"20_157",20,0.707050012555895,-2.26309677962155
"19_1189",19,0.225744232160723,-1.77013110913673
"24_7",24,0.817278829730822,-3.16624134848304
"18_1171",18,0.204382269941838,-1.55462624976288
"22_1008",22,0.234390811826661,-2.0530983669856
"18_355",18,0.678416420829849,-0.636765958307893
"18_6210",18,0.21737332326923,-1.47190355607066
"18_217",18,-0.312816957364442,-1.30562509404218
"22_448",22,0.130977574365109,4.1700898859542
"24_44",24,0.953362268115319,-3.06147836258999
"21_6001",21,0.45861088106809,0.870224302660606
"20_1199",20,-0.84561906512143,-5.89094818856895
"18_916",18,-0.121752763066054,1.05648264837369
"18_926",18,0.437600778296022,-1.31307789987132
"20_5904",20,0.773793782053041,-0.149315194708264
"23_713",23,0.513287284924511,-0.152425623232855
"19_1199",19,0.323211659947871,-1.64772387071795
"24_297",24,1.12020724647675,-3.09125688645375
"24_422",24,-0.0735820046678602,4.52912774087953
"24_656",24,-0.239126057994951,2.42298023095981
"19_1258",19,-0.749049981330996,-4.14498414923808
"22_741",22,0.802272292594996,-2.16989192645445
"20_1149",20,0.370217061297029,-1.43497991130002
"23_392",23,0.499979119552783,-1.48403215274141
"19_71",19,-0.863117347967817,0.124543339405522
"21_164",21,0.549703205434058,-1.75490444905385
"19_1241",19,-0.441738080854687,-2.93708268283157
"23_1324",23,-0.114950213992554,0.449048835861535
"23_1084",23,0.43217517879335,-1.61011651808089
"23_1050",23,0.260203878082118,-1.54732485480236
"22_888",22,0.506942213720762,0.103307629156953
"22_340",22,0.498628002243197,-0.244479849474063
"22_529",22,-0.00454369519894587,2.42487069283637
"23_270",23,0.713598730837346,0.18658193624346
"23_329",23,0.412755790931395,-1.40297117644905
"19_247",19,0.8344085874759,0.150909928376716
"20_1780",20,-0.415517512754655,-3.8019745734647
"21_1397",21,0.35281764809456,-1.21737409055073
"22_190",22,0.575539481222962,0.159407578191614
"20_1088",20,0.199344894573301,-4.85721029952008
"23_910",23,0.577451435093784,-1.44257934549688
"21_454",21,0.331761820435498,-3.54297361109934
"18_9399",18,0.423372869001803,-1.92570539060088
"19_679",19,0.935103654353894,-0.205366954790486
"20_1678",20,0.479283593385219,-1.8536320889673
"18_546",18,0.370244097023589,1.35052814067305
"22_1199",22,0.471039469790094,-2.16459734837687
"23_171",23,0.507644405880355,-1.59164026584013
"22_451",22,0.0570786362859,-4.18252917995892
"19_368",19,0.03228815737372,-1.40950165536868
"21_159",21,0.6417406572583,-1.88162452882717
"20_559",20,0.914450935829036,1.2473570834146
"23_927",23,0.62429561386651,-2.57737107132196
"22_506",22,-0.196035798145303,3.1231612933904
"21_1052",21,-0.232549897708696,1.08500794180639
"18_881",18,0.377756677114896,-1.74536317427346
"18_300",18,0.354575246517387,-1.50029369468451
"23_80",23,0.446605274644415,-0.722404788275682
"18_1109",18,0.219778417862816,1.10896778706388
"20_318",20,0.584416760505169,1.09033172915001
"23_601",23,0.520773225525286,-1.88294023078729
"18_1514",18,-0.475868557402043,-0.488777469544432
"24_71",24,0.838583945279207,-2.90742756767201
"21_440",21,0.470898685712749,-0.699441597933386
"22_865",22,0.292807634454999,-1.49725521167553
"22_42",22,0.237624947738361,-1.58237106181099
"20_1434",20,0.563495567434861,-2.17901343126203
"19_439",19,0.343130292510707,-1.84188760837218
"20_812",20,0.591967061886798,-1.7277117795912
"22_131",22,0.421701517844155,-0.93371393058572
"20_979",20,0.683643615565876,1.22547992907528
"23_1002",23,0.498604450544446,-0.447852787685132
"23_411",23,-1.14570210516661,3.22236695394575
"21_378",21,-0.988500382469644,-0.757097217595622
"22_174",22,0.823378653878422,-3.39785942083481
"18_481",18,-0.4975403229175,-2.42543806879834
"21_1143",21,0.451010662507569,-1.30252269034329
"19_670",19,0.322916047931294,-1.75143396702714
"21_348",21,0.443723954843448,-1.24156714825462
"22_816",22,0.741451910923768,-2.80411270355841
"18_1023",18,0.317239217979722,0.891587925574141
"20_37",20,-1.00489769468696,-3.33008365899343
"23_334",23,-0.748478713041749,-1.85185602919832
"18_609",18,0.326037807640378,-1.62387147621507
"20_579",20,0.37060337087123,-1.30420426418127
"21_1084",21,0.388856680323537,-1.70103761790286
"18_1539",18,0.312364381757857,-1.70475394361244
"23_947",23,0.440442221701765,-1.63524104539872
"19_968",19,0.65655123193127,-2.16789644973039
"18_307",18,0.236335817291946,-1.68502838402801
"18_315",18,0.108851854055363,-1.63781171937118
"20_5579",20,0.434758474991561,-1.03217160934827
"21_309",21,0.176189218321174,-1.67597756314354
"20_1374",20,0.26855256444013,-1.04376106179423
"23_367",23,0.301538181940236,-2.20286378188367
"24_151",24,0.627917001437919,-1.21482239506306
"18_719",18,0.471882028584757,-1.93367906724607
"21_429",21,-0.591127569956166,-0.873174384610487
"18_900",18,0.459181766661922,-1.77082231031201
"19_1039",19,-0.0784104339636097,-1.48644519879298
"22_1095",22,0.691994409400765,-1.67329767657771
"23_975",23,0.802970978371417,-1.79622823795585
"22_148",22,0.0393432847747274,-0.805842353322704
"20_659",20,0.391337435812179,-1.15780880525332
"18_1460",18,-0.477386349409794,0.158700707260439
"20_1163",20,0.552195335770168,-2.17083819285497
"22_807",22,-0.288510744368276,-2.59486203653544
"20_1334",20,0.606511724297517,-1.77481165102567
"22_393",22,0.79683471368979,-0.532799054151263
"19_255",19,1.41840854136192,-3.25445174846632
"20_1474",20,0.509991054619929,0.189105470823683
"20_510",20,0.297034550605634,-1.43746093379419
"18_212",18,0.399359185316172,-1.13910809059525
"21_12",21,-0.849306708741663,-0.51080853534501
"20_440",20,-0.377000352837481,0.269059302830929
"23_1137",23,0.746300722030887,-2.89407339840484
"22_535",22,-0.216525127846042,2.93744335250947
"19_1388",19,0.879840352446225,-0.395917369848469
"20_1410",20,0.331505961516829,-0.245074505998212
"20_366",20,-0.652246495038079,-2.85132574744049
"24_410",24,0.582666290793195,-2.36875268792678
"23_1141",23,0.671692493956068,-1.46441770672147
"20_219",20,-0.486079867130405,1.01161020525169
"18_801",18,-0.589222162783331,-0.283167592586789
"21_887",21,0.288895239798588,0.607750865209392
"20_1029",20,-0.0987924414207727,2.67703158664803
"24_539",24,0.534324628465481,-1.76670869064409
"22_1025",22,0.477985006235365,-1.41297982898629
"24_587",24,0.58529388605325,-0.257808721802036
"24_373",24,0.544111680729496,-2.04613873307711
"18_106",18,0.484295392532875,-0.609386573565111
"21_806",21,-0.599045338210712,-1.71533130075352
"19_1414",19,0.159014121763823,0.303458918248689
"18_483",18,0.692804742803684,-2.41896123016587
"18_1587",18,0.0592226759248461,-1.63910208137972
"18_96",18,0.237523146273237,2.10636386703057
"21_1100",21,0.433129442591911,-1.62525762656588
"23_807",23,0.453478137376541,-1.26199000312696
"23_1231",23,0.573505240336324,-0.0283656443849176
"18_573",18,0.216281930320197,-1.57918131558797
"22_349",22,0.406082801245071,-1.13279971146101
"19_369",19,0.0369749604152826,-1.40422039879862
"22_111",22,-0.586098804911981,1.1955917610086
"22_915",22,0.279120635987523,4.55328217767954
"23_952",23,0.393580113278245,-1.57701765649023
"23_1239",23,0.42310688710408,0.806728179973979
"19_296",19,0.416505101890657,-1.73139624173339
"21_757",21,-0.552160930688908,0.777976992898648
"19_783",19,0.808056034130519,-0.118791043343356
"23_1275",23,0.686145410177112,-2.295510088719
"20_216",20,0.480336117259654,1.56070970314239
"24_156",24,0.771422791148788,-2.96781825145557
"21_846",21,0.441327883442613,0.979471508964407
"22_30",22,0.373707970713711,-1.34108852490979
"23_175",23,-0.54495840962815,-2.26526683540444
"18_1038",18,0.319298644071308,0.892003299251564
"20_257",20,0.423072656716586,-1.38839317745734
"22_859",22,-0.575558535931695,3.22107662405119
"23_179",23,0.563520222214757,-1.75641717336882
"18_540",18,-0.399993821609454,0.495312235797562
"19_546",19,-0.4910385150494,-0.173590756062537
"19_832",19,0.824755418904264,1.0418278190435
"19_1418",19,0.475702212364338,-1.2139759842116
"23_1323",23,0.688118899634644,-2.81477547605872
"20_982",20,0.628230311040569,0.594744922615157
"21_144",21,0.523420442090656,-1.60253276740527
"23_365",23,0.244043407201229,-1.7956133910987
"23_124",23,-0.442424907059178,1.24905144291838
"20_1639",20,0.484387477784483,-1.81498084826092
"20_782",20,0.537705869311532,-1.70748898637689
"21_537",21,0.262783573396662,-1.70055905332429
"23_1280",23,0.982142832272612,-3.24048944756182
"23_178",23,0.493489210968852,0.211575637269978
"22_592",22,-1.13258157256168,-1.72842775505282
"21_187",21,0.530036402891883,-0.794336111639819
"19_453",19,-0.195941670566999,-2.39348218997682
"20_1507",20,0.432564566720158,-1.03138399963775
"19_5807",19,0.803282457746011,0.278512797538913
"18_1584",18,0.0576184931359313,-1.64044658530342
"24_154",24,0.771346826876177,-1.5863086769485
"21_869",21,-0.509425336018136,0.533598647371997
"22_1074",22,0.0305167833283763,-3.24347329271426
"19_930",19,0.458831348158711,-1.52660226245143
"21_264",21,0.492499349595114,-0.35618341550839
"18_86",18,0.443705424622812,-1.62900978581895
"22_95",22,0.459828985505621,-1.55807860593185
"20_1599",20,0.421076222675257,1.16661475360339
"18_9526",18,0.336913235728632,0.14198552832777
"19_1257",19,-0.720785617470808,-4.23634328361064
"20_828",20,-1.0254512027846,0.0452738004529843
"24_449",24,0.339615788314895,-1.63810462583451
"20_843",20,0.0681164978266105,-5.25055431493163
"21_1550",21,0.322177020865839,-1.56055944956545
"23_785",23,0.462794928974074,-1.2410928989522
"21_954",21,0.905635205583154,2.99551925775765
"21_147",21,-0.892199148059004,-0.808858865061517
"18_1455",18,0.706592405773646,-2.1886474812782
"24_361",24,0.459198534519749,-2.01127299645422
"20_915",20,-0.270485856695681,-0.060698236407704
"24_90",24,0.551144560040012,-1.96801007403034
"18_349",18,0.753067742205559,-1.35011852636
"18_547",18,0.570886036800008,-2.41798929756157
"24_110",24,-0.540981706306015,0.0638376235108631
"21_972",21,0.599365800501056,-0.851246408445342
"24_291",24,1.02469951481166,-1.02838555134131
"19_631",19,-0.197496062560386,2.32337851211193
"22_52",22,0.341834059146688,-1.5822795538939
"20_1212",20,0.295882086754116,-1.49293806064742
"22_166",22,0.837169332741075,-1.40057591604696
"21_1017",21,0.642853522900986,-1.88307254454641
"20_637",20,0.618131280475935,0.746392177715242
"18_1293",18,0.368989091675933,-1.5547215732416
"18_1173",18,1.23920491378294,-0.981735518004438
"20_1066",20,0.38964272442885,-1.4873362554413
"20_427",20,0.458419481985764,1.25508227087857
"19_767",19,0.543055361842518,-2.04933942261527
"23_621",23,-1.31762590233718,1.2567716721991
"18_1287",18,0.915421215603344,-0.394881365373293
"22_611",22,-0.15619812694218,0.17818251692648
"17_1618",17,-0.885108411857556,-0.713288017922975
"22_899",22,0.0909832625454855,0.625628918822984
"21_1449",21,0.272961726868871,-2.35070792511609
"18_837",18,0.379864529444406,-1.37401343387363
"23_1007",23,-0.162306115168373,1.71744408359151
"19_123",19,-0.704173848951903,-6.31328793676873
"23_1189",23,0.42348502710943,-1.70691209736668
"20_1501",20,0.59117035627005,-1.60140062489555
"19_831",19,0.929891641162996,-1.14808460894419
"20_1499",20,0.482950941341653,-0.457902622801478
"22_720",22,0.446116759066288,-1.65352794685434
"22_1160",22,0.417881686610358,-1.18528963298792
"18_1475",18,-0.474577888800773,-0.487594761054791
"21_1168",21,-0.399049475594996,2.19588360299033
"24_530",24,0.710268189529058,-1.72509231494325
"22_665",22,0.450688417181696,-0.790071022182311
"23_1127",23,0.246072957976048,-1.44916231377959
"19_825",19,-0.110220764619778,1.00059725756208
"20_1114",20,0.555024932799725,0.102107063417649
"19_221",19,0.280410315432486,-1.56087905176446
"19_267",19,-0.166668775049983,-6.09073265350885
"23_1155",23,0.780969977175119,-0.979186035264332
"19_438",19,0.52167326628907,1.30803880930392
"24_5381",24,0.44931400604033,-2.10024966100394
"21_1263",21,0.529290276232228,-1.35814784591068
"18_1062",18,0.420891819446686,-1.97340263418716
"20_334",20,0.381815303293669,1.31868055378178
"19_402",19,0.384772585238235,-1.754729832987
"20_804",20,-0.0858932655710287,0.663432566180574
"22_23",22,0.540335021047238,0.660581310165695
"18_107",18,-0.815343353040864,-2.8893167456011
"20_1214",20,0.197838018602765,-1.59873570365634
"21_248",21,0.408318688492976,-1.2024865586555
"19_7",19,-0.44093757816567,-2.66033720746066
"21_86",21,0.521890634452886,-1.50543242347223
"21_588",21,-0.14625422307979,1.5044616502195
"20_222",20,0.191681374781494,-2.16417823393986
"19_333",19,0.501552016495948,-2.12101905683007
"20_1530",20,-0.399102522494719,-3.8874806008772
"18_1501",18,0.0320169489199162,-2.22877448825125
"18_1496",18,-0.482169833062459,-0.494488243841241
"18_1516",18,0.475913523789515,-1.955108197985
"21_418",21,0.0359754309755694,-5.57944025570991
"18_324",18,0.284246094913784,-1.69868932295394
"21_1463",21,0.399329599081554,-1.70792280349178
"21_432",21,0.667638721819622,0.939235296728202
"23_726",23,-0.402431203981998,-6.26733668650687
"19_348",19,-0.182475720613174,-6.05168519774535
"19_899",19,0.405912582369834,-1.14074976082316
"22_815",22,0.497519288383044,-0.0924996032078399
"19_988",19,0.249797302596532,-1.58490805325363
"21_5592",21,0.380410628644549,-2.36004494571506
"18_1323",18,0.764634472959363,5.62842258160975
"23_941",23,0.448274486793579,-1.36643291907861
"20_603",20,0.491510842927384,0.478102903659876
"21_1271",21,-0.507460977360537,-3.89803490774324
"19_963",19,-0.0789681983300503,-1.64965012782296
"23_5572",23,0.24951256972138,-1.72475428686044
"19_675",19,0.668718710000187,-1.61944647577365
"20_1158",20,0.65165218269352,-1.90803621470033
"21_1019",21,0.566530479307029,-1.61593621890695
"19_66",19,0.459337176776611,-1.72335777586415
"18_843",18,0.516326370864332,-1.59169518432848
"20_426",20,0.381141664723408,-1.67467087974746
"24_57",24,0.558728573325276,-2.21284725302328
"21_468",21,0.250959399946379,-2.8126572747602
"19_1452",19,0.231675725872288,1.11194787680472
"22_1222",22,0.490696148877798,-1.93784527389922
"22_277",22,-0.98986080405832,-0.713085797706123
"21_783",21,0.50712398419953,-0.0445274199954271
"22_555",22,0.277279526482582,-0.525342143550703
"19_1184",19,0.357833005379886,-1.64607066260475
"20_1598",20,0.410295180910215,-1.178071593061
"24_427",24,0.443506628037724,-0.976004278922513
"22_388",22,0.321360925062256,-1.6686357356549
"20_103",20,0.407500575053099,-1.6654937210849
"19_1269",19,0.50793423652819,0.0250828122898824
"19_404",19,0.898053597192918,-1.9204707211905
"19_5410",19,0.652320465648858,0.314492255146375
"24_394",24,0.403652135594483,-1.64847413526337
"23_1122",23,0.201269638237781,1.28854475624272
"23_236",23,0.232956838065161,6.18146650295143
"24_437",24,0.875131375094167,-2.93678213101944
"18_260",18,0.466683419945066,-2.2982385792796
"21_1194",21,0.58367847752996,-2.16001159726923
"19_760",19,-0.0958974166631468,-2.18102816893874
"19_1212",19,-1.34938586264556,-1.94476108660102
"20_38",20,-1.01844821698517,-3.29769379903942
"19_1019",19,-0.439200611365294,-1.79643002942125
"20_315",20,0.527321221231141,1.94660916048575
"19_756",19,0.570059058689929,0.00251307014011248
"20_1800",20,0.364941663070278,-3.2433244054714
"19_1392",19,-0.518248661148474,-6.94804018442578
"18_1437",18,0.387154123897618,-1.20685872311808
"22_585",22,0.611812204132798,-1.39621244343404
"22_660",22,0.11711806643654,2.04099582070614
"24_20",24,0.628616388143613,-1.21416187378589
"20_1786",20,0.288925568100037,-1.65344085159837
"21_476",21,-0.187935307717095,-5.79070461709319
"24_435",24,0.514937067365328,-1.68774460630236
"20_902",20,0.362130503799236,-1.35858720762688
"18_877",18,0.147885632862796,-1.00800032637831
"23_1197",23,0.63885662099882,-1.07783347404133
"21_1086",21,-0.00974078704198881,-3.43117285532643
