"group","ideal_point","std_error","lower_ci","upper_ci"
"chamber of commerce of the united states of america",-1.01790037157464,0.0597228307789003,-1.13495711990129,-0.900843623247999
"washington legal fdn",-0.985941773619466,0.063725938645824,-1.11084461336528,-0.861038933873651
"pacific legal fdn",-0.89905099732385,0.0787986697967717,-1.05349639012552,-0.744605604522178
"natl fed of independent business small business legal ctr",-0.893897550683501,0.0555280268424786,-1.00273248329476,-0.785062618072243
"natl assn of manufacturers",-0.829269665170728,0.0677037059987635,-0.961968928928304,-0.696570401413151
"immigration reform law inst",-0.825479426717145,0.0710520019043567,-0.964741350449684,-0.686217502984606
"buckeye inst",-0.824281197432825,0.0569719946605209,-0.935946306967446,-0.712616087898204
"southeastern legal fdn",-0.803455142567241,0.0684411860783052,-0.937599867280719,-0.669310417853763
"ctr for constitutional jurisprudence",-0.790055221671144,0.0935190624669263,-0.973352584106319,-0.606757859235968
"cato inst",-0.788551239323067,0.10608963948649,-0.996486932716588,-0.580615545929547
"atlantic legal fdn",-0.776342766020066,0.0623319898165944,-0.898513466060591,-0.654172065979541
"manhattan inst",-0.766162111397538,0.0799764778739538,-0.922916008030488,-0.609408214764589
"conservative legal defense and education fund",-0.761309118449901,0.0764551691563882,-0.911161249996422,-0.61145698690338
"new civil liberties alliance",-0.761300194617247,0.0859437806621774,-0.929750004715114,-0.592850384519379
"liberty justice ctr",-0.753513029398277,0.0672865370216909,-0.885394641960791,-0.621631416835763
"americans for prosperity fdn",-0.699625888807225,0.0945281604022824,-0.884901083195699,-0.514350694418752
"citizens united",-0.681767007816971,0.0769710856540919,-0.832630335698991,-0.530903679934951
"citizens united fdn",-0.676204466575708,0.0800699404514741,-0.833141549860598,-0.519267383290819
"america’s future",-0.66477018323754,0.0661918391387286,-0.794506187949448,-0.535034178525632
"restoring liberty action comm",-0.650566408295707,0.0881685707585256,-0.823376806982418,-0.477756009608997
"u.s. constitutional rights legal defense fund",-0.648606740718002,0.0679766401262645,-0.78184095536548,-0.515372526070524
"gun owners of america",-0.643912050125679,0.0760631502348921,-0.792995824586067,-0.49482827566529
"gun owners fdn",-0.643911945982848,0.0785082976140464,-0.797788209306379,-0.490035682659317
"reason fdn",-0.640220951966919,0.0883591967621542,-0.813404977620741,-0.467036926313096
"public advocate of the united states",-0.637209029013016,0.0858766289876816,-0.805527221828872,-0.468890836197161
"landmark legal fdn",-0.636645247460995,0.0869286286737476,-0.80702535966154,-0.46626513526045
"ethics and religious liberty commission of the southern baptist convention",-0.624708117618892,0.0630710161421258,-0.748327309257458,-0.501088925980325
"american ctr for law and justice",-0.61923768371713,0.0933109904965947,-0.802127225090456,-0.436348142343804
"inst for faith and family",-0.606555314654305,0.0810804338198592,-0.765472964941229,-0.447637664367381
"goldwater inst",-0.602896133040937,0.100971220571075,-0.800799725360244,-0.404992540721629
"presidential coalition",-0.590393865341692,0.099018776549426,-0.784470667378567,-0.396317063304817
"competitive enterprise inst",-0.583915893661618,0.0843112800729963,-0.749166002604691,-0.418665784718546
"eagle forum",-0.577892155111246,0.104829302784569,-0.783357588569001,-0.372426721653491
"mountain states legal fdn",-0.576877195125639,0.0727592462576007,-0.719485317790536,-0.434269072460741
"retail litigation ctr",-0.562153545096545,0.101181935173326,-0.760470138036265,-0.363836952156826
"natl right to work legal defense fdn",-0.537094064591618,0.0757815002829403,-0.685625805146181,-0.388562324037055
"allied educational fdn",-0.53505335309889,0.0897534893580452,-0.710970192240659,-0.359136513957122
"policy analysis ctr",-0.533911709306273,0.0986317659743811,-0.72722997061606,-0.340593447996486
"judicial watch",-0.526309054265591,0.0881538058171024,-0.699090513667112,-0.353527594864071
"business roundtable",-0.526016668620477,0.10294617086359,-0.727791163513114,-0.32424217372784
"american tort reform assn",-0.519744140665838,0.106405512860776,-0.728298945872959,-0.311189335458717
"new england legal fdn",-0.519279412349563,0.0901839529369782,-0.69603996010604,-0.342518864593086
"gun owners of california",-0.51747186935928,0.0803794004643831,-0.675015494269471,-0.359928244449089
"public interest legal fdn",-0.502983976938036,0.0888789783982222,-0.677186774598551,-0.32878117927752
"christian family coalition (cfc) florida",-0.499435779552459,0.103731377626057,-0.702749279699531,-0.296122279405386
"restaurant law ctr",-0.49846138294819,0.0994520732324579,-0.693387446483807,-0.303535319412572
"tennessee firearms assn",-0.497405879339825,0.0850590786707464,-0.664121673534488,-0.330690085145162
"men and women for a representative democracy in america",-0.493118697800821,0.0893581621308994,-0.668260695577384,-0.317976700024258
"tradition family property",-0.492058026960172,0.082355871261017,-0.653475534631765,-0.330640519288579
"heller fdn",-0.490967571023484,0.0820089067048565,-0.651705028165003,-0.330230113881965
"natl ctr for public policy research",-0.490832842607414,0.0706196356203018,-0.629247328423206,-0.352418356791623
"america first policy inst",-0.487457765220707,0.0813615208061238,-0.64692634600071,-0.327989184440704
"american farm bureau fed",-0.482954183086105,0.0993247518531392,-0.677630696718258,-0.288277669453952
"60 plus assn",-0.477971462400483,0.103042269823234,-0.679934311254022,-0.276008613546945
"advancing american freedom",-0.47745430588714,0.101146896410608,-0.675702222851932,-0.279206388922347
"concerned women for america",-0.476343349710477,0.113527546072147,-0.698857340011885,-0.253829359409068
"comm for justice",-0.47620333953453,0.076766821445852,-0.6266663095684,-0.32574036950066
"young america’s fdn",-0.46610460164826,0.102413065589281,-0.66683421020325,-0.26537499309327
"alliance defending freedom",-0.465274074232472,0.0813473341796868,-0.624714849224658,-0.305833299240286
"natl legal fdn",-0.464934927362369,0.103651350182089,-0.668091573719263,-0.261778281005475
"senior citizens league",-0.464485890106957,0.116221998667823,-0.69228100749589,-0.236690772718023
"frontline policy council",-0.463946217673948,0.0922927069013356,-0.644839923200565,-0.28305251214733
"independence inst",-0.463027441546244,0.0813840456253761,-0.622540170971981,-0.303514712120507
"inst for justice",-0.462319739975295,0.121100884576637,-0.699677473745504,-0.224962006205085
"natl assn of evangelicals",-0.46126922622608,0.104346722954832,-0.66578880321755,-0.256749649234609
"fdn for government accountability",-0.459722272787026,0.0976913040339342,-0.651197228693537,-0.268247316880515
"christian legal soc",-0.459445517912304,0.108507337118212,-0.672119898664,-0.246771137160609
"women for democracy in america",-0.459435142720025,0.0910614552757184,-0.637915595060433,-0.280954690379617
"christian medical and dental assn",-0.45938105677962,0.0957623070145371,-0.647075178528113,-0.271686935031128
"wisconsin family action",-0.459064271620838,0.0815715473300676,-0.61894450438777,-0.299184038853905
"coalition for jewish values",-0.459027006972132,0.0707858084395949,-0.597767191513738,-0.320286822430526
"louisiana family forum",-0.458706499021506,0.0784488136803255,-0.612466173834944,-0.304946824208068
"american bankers assn",-0.457631954132544,0.0961926453875438,-0.64616953909213,-0.269094369172958
"family fdn",-0.456373423589503,0.0747711989631808,-0.602924973557338,-0.309821873621669
"pacific justice inst",-0.453709818083887,0.103865726134742,-0.657286641307982,-0.250132994859792
"minnesota family council",-0.452306514515952,0.0924304290468143,-0.633470155447708,-0.271142873584196
"illinois family inst",-0.451693312236531,0.0685515498948144,-0.586054350030367,-0.317332274442695
"product liability advisory council",-0.449674091259291,0.115919033114607,-0.676875396163921,-0.222472786354661
"independent women’s law ctr",-0.449573108796855,0.0626785044204733,-0.572422977460982,-0.326723240132727
"catholicvote.org",-0.449221345232779,0.0686296793742481,-0.583735516806306,-0.314707173659253
"americans for limited government",-0.444532279339458,0.094092557296194,-0.628953691639998,-0.260110867038918
"delaware family policy council",-0.443483578027939,0.0884478643853969,-0.616841392223317,-0.270125763832561
"project 21 black leadership network",-0.442500957221565,0.0951904219886339,-0.629074184319287,-0.255927730123842
"american constitutional rights union",-0.442493944511489,0.0876792391006695,-0.614345253148802,-0.270642635874177
"natl catholic bioethics ctr",-0.440609270119718,0.0952871262957253,-0.62737203765934,-0.253846502580097
"defense of freedom inst for policy studies",-0.440463101430313,0.0734223592927371,-0.584370925644077,-0.296555277216548
"samaritan’s purse",-0.440231529328042,0.0962997245907148,-0.628978989525843,-0.251484069130241
"intl conference of evangelical chaplain endorsers",-0.437182198961897,0.102266788022096,-0.637625103485205,-0.236739294438588
"patriotic veterans",-0.434466791837406,0.142373860802385,-0.713519559010081,-0.155414024664732
"republican natl comm",-0.433486031281555,0.105736961201782,-0.640730475237049,-0.226241587326061
"global liberty alliance",-0.433290180022937,0.0838201238815202,-0.597577622830717,-0.269002737215158
"new jersey family fdn",-0.429129331903774,0.0876550307226889,-0.600933192120244,-0.257325471687304
"mackinac ctr for public policy",-0.424098747718125,0.0944036344428224,-0.609129871226056,-0.239067624210193
"lonang inst",-0.42382186840103,0.0746507950898558,-0.570137426777147,-0.277506310024912
"fdn for moral law",-0.422943608370992,0.112961906505877,-0.644348945122512,-0.201538271619473
"ctr for equal opportunity",-0.422678996245621,0.0854986872252954,-0.5902564232072,-0.255101569284043
"life legal defense fdn",-0.422229925633,0.0719701269694809,-0.563291374493182,-0.281168476772817
"securities industry and financial markets assn",-0.421785693876266,0.115254315184711,-0.6476841516383,-0.195887236114232
"american petroleum inst",-0.420699581023482,0.104115501535051,-0.624765964032181,-0.216633198014783
"yankee inst",-0.420471677166664,0.0899026509620338,-0.596680873052251,-0.244262481281078
"dri ctr for law and public policy",-0.418240328764008,0.10555013970586,-0.625118602587492,-0.211362054940523
"american assn of pro-life obstetricians and gynecologists",-0.417812943122519,0.087998982034522,-0.590290947910182,-0.245334938334856
"lutheran church-missouri synod",-0.412648403809118,0.101452123118842,-0.611494565122048,-0.213802242496187
"orthodox jewish chamber of commerce",-0.41176450500894,0.0654984420004973,-0.540141451329915,-0.283387558687966
"ethics and public policy ctr",-0.411095936175412,0.0606805379496123,-0.530029790556652,-0.292162081794172
"virginia citizens defense league",-0.410924441708915,0.0901862301634288,-0.587689452829236,-0.234159430588595
"second amendment fdn",-0.409282483419754,0.0963925125594596,-0.598211808036295,-0.220353158803213
"roughrider policy ctr",-0.407999894003268,0.0901741664913034,-0.584741260326223,-0.231258527680313
"free speech coalition",-0.40791264102526,0.0940056057360266,-0.592163628267872,-0.223661653782648
"dri-the voice of the defense bar",-0.406899611510218,0.109261476520555,-0.621052105490505,-0.19274711752993
"setting things right",-0.405589659231704,0.101923255077625,-0.60535923918385,-0.205820079279559
"anglican church in north america",-0.405282401335346,0.0668202494632302,-0.536250090283277,-0.274314712387415
"amac action",-0.404073142581261,0.0831564173422687,-0.567059720572107,-0.241086564590414
"union of orthodox jewish congregations of america",-0.402637764254516,0.0668056906776263,-0.533576917982663,-0.271698610526368
"heartbeat intl",-0.40168206704003,0.0654250484853572,-0.52991516207133,-0.27344897200873
"downsize dc.org",-0.399271377352716,0.0903145397890106,-0.576287875339176,-0.222254879366255
"honest elections project",-0.397337797976923,0.116200842691757,-0.625091449652768,-0.169584146301079
"rio grande fdn",-0.397164020766096,0.0875251401500079,-0.568713295460111,-0.22561474607208
"charlotte lozier inst",-0.39679887102172,0.0919794774252559,-0.577078646775222,-0.216519095268219
"thomas more soc",-0.396473594556636,0.0873029076293704,-0.567587293510202,-0.22535989560307
"prolife ctr at the university of st. thomas",-0.396327235843872,0.0795411881514117,-0.552227964620639,-0.240426507067105
"hamilton lincoln law inst",-0.396227068209167,0.0800001703061005,-0.553027402009124,-0.23942673440921
"faith and freedom coalition",-0.395393418324024,0.10245370272709,-0.59620267566912,-0.194584160978928
"islam and religious freedom action team of the religious freedom inst",-0.394375488035557,0.12284274711242,-0.635147272375901,-0.153603703695213
"afa action",-0.393982857505726,0.0808033642321813,-0.552357451400801,-0.235608263610651
"natl right to life comm",-0.391968164036387,0.0874473384761522,-0.563364947449645,-0.220571380623129
"american college of pediatricians",-0.391633435586368,0.0895727886649364,-0.567196101369643,-0.216070769803092
"ctr for political renewal",-0.390710680145643,0.102123805380752,-0.590873338691917,-0.190548021599369
"congressional prayer caucus fdn",-0.3893378640701,0.0678381017712143,-0.52230054354168,-0.25637518459852
"catholic medical assn",-0.387536223043981,0.0873309481987865,-0.558704881513603,-0.216367564574359
"kansas family voice",-0.386793894561628,0.0833454605293561,-0.550150997199166,-0.22343679192409
"individual rights fdn",-0.38558484692388,0.0892503528139019,-0.560515538439128,-0.210654155408633
"firearms policy coalition",-0.385533415532798,0.105238790509512,-0.591801444931443,-0.179265386134154
"wyoming mining assn",-0.385494676767712,0.111066138815223,-0.60318430884555,-0.167805044689874
"utah mining assn",-0.385493368217285,0.110900920729538,-0.60285917284718,-0.16812756358739
"new mexico mining assn",-0.385492385162864,0.112499164391575,-0.605990747370352,-0.164994022955376
"assn of christian schools intl",-0.384909802386987,0.0760661450296333,-0.533999446645069,-0.235820158128906
"free speech defense and education fund",-0.384899255794382,0.0917624155735246,-0.56475359031849,-0.205044921270274
"inner life fund",-0.384870351386193,0.0722386860039485,-0.526458175953932,-0.243282526818454
"intl soc for krishna consciousness",-0.384310792815776,0.0829980761994869,-0.54698702216677,-0.221634563464781
"catholic assn fdn",-0.383640948256093,0.0676566185854532,-0.516247920683581,-0.251033975828605
"democrats for life",-0.382755961712934,0.0801146680135271,-0.539780711019447,-0.225731212406421
"california constitutional rights fdn",-0.38179308766121,0.0870996978187606,-0.552508495385981,-0.21107767993644
"firearms policy fdn",-0.380762833236161,0.0870122878976914,-0.551306917515636,-0.210218748956686
"liberty counsel",-0.38069770788485,0.0934219424891533,-0.56380471516359,-0.197590700606109
"one nation under god fdn",-0.379770695844294,0.0916008572385497,-0.559308376031851,-0.200233015656737
"alaska family council",-0.379664041559303,0.0820278283439822,-0.540438585113508,-0.218889498005098
"american values",-0.379416739629155,0.103414631876857,-0.582109418107794,-0.176724061150515
"stand for georgia values action",-0.378977931598682,0.0877319740427787,-0.550932600722528,-0.207023262474836
"pelican inst for public policy",-0.377740638699144,0.0964886015839609,-0.566858297803707,-0.18862297959458
"natl rifle assn of america",-0.377339448825,0.100005843715812,-0.573350902507991,-0.181327995142009
"natl republican redistricting trust",-0.376485400159772,0.117237556148759,-0.606271010211339,-0.146699790108204
"parents defending education",-0.374851590569456,0.0826093532033231,-0.536765922847969,-0.212937258290943
"natl retail fed",-0.373555315830349,0.123906516362917,-0.616412087901667,-0.130698543759032
"church of jesus christ of latter-day saints",-0.373240697378086,0.0997387142530731,-0.568728577314109,-0.177752817442062
"assn of american physicians and surgeons",-0.372364206374468,0.0987811904153079,-0.565975339588471,-0.178753073160464
"inst for free speech",-0.371294529413189,0.0984639421519807,-0.564283856031071,-0.178305202795307
"grass roots north carolina",-0.365632591402629,0.0950409639334589,-0.551912880712208,-0.17935230209305
"queens fed of churches",-0.36443835894263,0.070945427960578,-0.503491397745363,-0.225385320139897
"american legislative exchange council",-0.362856363158966,0.0979799124398194,-0.554896991541012,-0.17081573477692
"young conservatives of texas",-0.362213813245344,0.0867999886449896,-0.532341790989523,-0.192085835501164
"family inst of connecticut action",-0.362006959341068,0.0734910838676868,-0.506049483721734,-0.217964434960402
"leadership inst",-0.360540352401129,0.0845833716297897,-0.526323760795517,-0.194756944006741
"alabama ctr for law and liberty",-0.359850375163763,0.0731960962354685,-0.503314723785281,-0.216386026542245
"jccwatch.org",-0.358495383380635,0.0938694752382666,-0.542479554847638,-0.174511211913633
"fitzgerald griffin fdn",-0.358367958756036,0.0929000043064164,-0.540451967196612,-0.17628395031546
"hawaii family forum",-0.357918131262029,0.0829811511346895,-0.520561187486021,-0.195275075038038
"nebraska family alliance",-0.357918012796755,0.0858754625127382,-0.526233919321722,-0.189602106271788
"students for life of america",-0.357280011357216,0.103088566000618,-0.559333600718427,-0.155226421996006
"ctr for urban renewal and education",-0.356757603568307,0.105870804595157,-0.564264380574815,-0.1492508265618
"equal protection project",-0.356481201984263,0.0888688990651795,-0.530664244152015,-0.182298159816511
"family research council",-0.356178542663272,0.0707029714461214,-0.49475636669767,-0.217600718628874
"protect the first fdn",-0.352682788139912,0.100892055498235,-0.550431216916453,-0.154934359363372
"first liberty inst",-0.351293650108241,0.107356716319752,-0.561712814094955,-0.140874486121527
"texas values",-0.35065941931264,0.0846252384558405,-0.516524886686087,-0.184793951939193
"natl inst of family and life advocates",-0.348009285670385,0.0758090083412019,-0.496594942019141,-0.19942362932163
"march for life education and defense fund",-0.34751133889947,0.0831111807017607,-0.510409253074921,-0.184613424724019
"billy graham evangelistic assn",-0.347046489448036,0.101255421904056,-0.545507116379986,-0.148585862516086
"susan b. anthony list",-0.34586879319394,0.076662679446043,-0.496127644908184,-0.195609941479696
"natl assn of scholars",-0.345659061258105,0.0947867954976447,-0.531441180433489,-0.159876942082722
"family action council of tennessee",-0.34551835086076,0.0959218703816,-0.533525216808696,-0.157511484912825
"california rifle and pistol assn",-0.344348985466047,0.0907368991608828,-0.522193307821377,-0.166504663110717
"madison soc fdn",-0.344313771229875,0.0930019394717942,-0.526597572594591,-0.162029969865158
"natl assn for gun rights",-0.34418835858698,0.0889786072021727,-0.518586428703238,-0.169790288470721
"american assn of christian schools",-0.34407303101098,0.0746804403893516,-0.490446694174109,-0.197699367847851
"independent women’s forum",-0.343801258455398,0.11008051281183,-0.559559063566584,-0.128043453344212
"natl religious broadcasters",-0.343757257947003,0.102035977179635,-0.543747773219087,-0.143766742674919
"freedom x",-0.343752853678548,0.0892854478699552,-0.51875233150366,-0.168753375853436
"fpc action fdn",-0.342419537689246,0.0996113945229568,-0.537657870954241,-0.147181204424251
"texas public policy fdn",-0.342397219185225,0.0884954607606186,-0.515848322276038,-0.168946116094413
"human coalition",-0.341475599288244,0.0756280235980875,-0.489706525540496,-0.193244673035993
"robertson ctr for constitutional law",-0.341251813938599,0.0699906324907155,-0.478433453620401,-0.204070174256797
"priests for life",-0.335759654498332,0.075718326869991,-0.484167575163515,-0.18735173383315
"general conference of seventh-day adventists",-0.335288940532099,0.106669545728986,-0.544361250160912,-0.126216630903286
"project on fair representation",-0.334734110573323,0.132899840429979,-0.595217797816082,-0.0742504233305638
"louis d. brandeis ctr for human rights under law",-0.334334231915177,0.0903773113871642,-0.511473762234019,-0.157194701596335
"knights of columbus",-0.332969742994515,0.101716101509865,-0.532333301953851,-0.13360618403518
"north carolina values coalition",-0.332071077258033,0.0985183572263206,-0.525167057421621,-0.138975097094445
"justice fdn",-0.332019500184613,0.105667821115423,-0.539128429570843,-0.124910570798384
"world faith fdn",-0.331153602828556,0.074909469480054,-0.477976163009462,-0.18433104264765
"american assn of senior citizens",-0.330615755052583,0.0970211463625162,-0.520777201923115,-0.140454308182051
"rights watch intl",-0.330502793938992,0.100929684398614,-0.528324975360274,-0.132680612517709
"catholics count",-0.329658043336656,0.103244974992881,-0.532018194322703,-0.127297892350608
"wisconsin inst for law and liberty",-0.328542901564438,0.101262741684573,-0.5270178752662,-0.130067927862676
"america first legal fdn",-0.328454068152838,0.114414156877232,-0.552705815632213,-0.104202320673463
"second amendment law ctr",-0.32531097015863,0.0962326457914206,-0.513926955909814,-0.136694984407445
"women’s liberation front",-0.325030161793298,0.122170602231731,-0.564484542167491,-0.0855757814191045
"natl council of young israel",-0.324929817101277,0.0765913910053247,-0.475048943471713,-0.17481069073084
"tennessee firearms fdn",-0.32375128187485,0.113651318186283,-0.546507865519966,-0.100994698229735
"family fdn (virginia)",-0.322833698723081,0.10262410708966,-0.523976948618815,-0.121690448827347
"california state sheriffs’ assn",-0.320293072034286,0.118725106466165,-0.552994280707968,-0.0875918633606029
"world vision",-0.318280767103787,0.0812508098660961,-0.477532354441335,-0.159029179766238
"care net",-0.31762527389695,0.0900420196302249,-0.494107632372191,-0.141142915421709
"california gun rights fdn",-0.315865451988587,0.0971730661968996,-0.50632466173451,-0.125406242242664
"natl shooting sports fdn",-0.315771520862954,0.0977386182025702,-0.507339212539992,-0.124203829185917
"institutional religious freedom alliance",-0.315596704615687,0.091324465115535,-0.494592656242136,-0.136600752989238
"alaska family action",-0.31424449368054,0.112000328935659,-0.533765138394432,-0.0947238489666477
"church of god in christ",-0.312944143237099,0.104639999114217,-0.518038541500965,-0.107849744973233
"general council of the assemblies of god",-0.312367828485265,0.0810828600263988,-0.471290234137006,-0.153445422833523
"torah umesorah",-0.31194686659313,0.0769962163648864,-0.462859450668307,-0.161034282517952
"operation outcry women injured by abortion",-0.311268225725513,0.0896063048738403,-0.48689658327824,-0.135639868172786
"fdn for individual rights and expression",-0.302099825345137,0.12937960887359,-0.555683858737373,-0.0485157919529003
"lawyers democracy fund",-0.301275142153738,0.123209395427344,-0.542765557191333,-0.0597847271161437
"freedom fdn",-0.300631424748095,0.0974129543473973,-0.491560815268994,-0.109702034227197
"techfreedom",-0.300520752303249,0.131062629790085,-0.557403506691815,-0.0436379979146834
"american family assn",-0.300322642692262,0.104935081325674,-0.505995402090584,-0.0946498832939404
"natl mining assn",-0.299044519140959,0.102978048176343,-0.500881493566591,-0.0972075447153263
"american principles project",-0.298666997297121,0.0914199822337476,-0.477850162475267,-0.119483832118976
"mountain states policy ctr",-0.298474353513707,0.117083790793664,-0.527958583469288,-0.0689901235581265
"american encore",-0.298091915111242,0.0925617933843657,-0.479513030144598,-0.116670800077885
"james dobson family inst",-0.297991850662962,0.102576967182485,-0.499042706340632,-0.0969409949852924
"citizens comm for the right to keep and bear arms",-0.296907055195119,0.107766402323506,-0.508129203749191,-0.0856849066410463
"american cornerstone inst",-0.29636888594898,0.0868460053307439,-0.466587056397238,-0.126150715500721
"agudath israel of america",-0.295057377798354,0.109839877956799,-0.510343538593679,-0.0797712170030281
"wagner faith and freedom ctr",-0.293854410893051,0.0847441391504221,-0.459952923627879,-0.127755898158224
"western states sheriffs’ assn",-0.292748249776078,0.101682215053077,-0.492045391280108,-0.0934511082720475
"law enforcement legal defense fund",-0.292746379034164,0.102945179065065,-0.494518930001691,-0.0909738280666364
"christians engaged",-0.28986691912047,0.0991522124059145,-0.484205255436062,-0.0955285828048776
"natl taxpayers union fdn",-0.286348032102919,0.122854934229269,-0.527143703192285,-0.045552361013552
"rutherford inst",-0.285711133503219,0.139836024314591,-0.559789741159817,-0.0116325258466212
"connecticut citizens defense league",-0.283139046348384,0.10752459298799,-0.493887248604844,-0.0723908440919238
"missouri ctr-right coalition",-0.282316718811209,0.10874595676936,-0.495458794079155,-0.0691746435432627
"assn of mature american citizens",-0.282071346903683,0.0939874143697508,-0.466286679068395,-0.0978560147389714
"family policy alliance",-0.28081461886117,0.0852077710076876,-0.447821850036237,-0.113807387686102
"bank policy inst",-0.279011486051832,0.113097698551182,-0.500682975212148,-0.0573399968915154
"family council in arkansas",-0.278725761181832,0.108209654040481,-0.490816683101175,-0.0666348392624891
"american free enterprise chamber of commerce",-0.27547710350767,0.119573419921025,-0.509841006552878,-0.0411132004624613
"citizen action defense fund",-0.275456992509772,0.114729905941103,-0.500327608154333,-0.0505863768652106
"united states conference of catholic bishops",-0.273356863091686,0.0702314320546809,-0.41101046991886,-0.135703256264511
"american civil rights project",-0.271927990422543,0.0958290326772142,-0.459752894469882,-0.0841030863752027
"american property casualty insurance assn",-0.271727028439021,0.104416299885473,-0.476382976214548,-0.0670710806634939
"american hindu coalition",-0.271533431801594,0.118005763031468,-0.50282472734327,-0.0402421362599168
"natl fdn for gun rights",-0.270563376693048,0.102544626879119,-0.471550845376121,-0.0695759080099747
"evangelical council for financial accountability",-0.269500018198842,0.0870136985682515,-0.440046867392615,-0.0989531690050689
"credit union natl assn",-0.26850298755892,0.126906643459046,-0.51724000873865,-0.0197659663791906
"idaho family policy ctr",-0.267679413581727,0.0988257720200707,-0.461377926741065,-0.073980900422388
"natl apostolic christian leadership conference",-0.266468831142183,0.101415946708754,-0.46524408669134,-0.0676935755930254
"natl jewish commission on law and public affairs",-0.266314723586056,0.107522593176791,-0.477059006212567,-0.0555704409595461
"natl african american gun assn",-0.264466987253647,0.111737785335899,-0.48347304651201,-0.0454609279952852
"palmetto promise inst",-0.264398498102559,0.0942471749601589,-0.44912296102447,-0.0796740351806476
"due process inst",-0.264229573410393,0.142208644266618,-0.542958516172965,0.0144993693521787
"anglicans for life",-0.261539925799017,0.107096777545782,-0.471449609788749,-0.0516302418092849
"owners’ counsel of america",-0.259398771244148,0.117359245696382,-0.489422892809058,-0.0293746496792391
"california apartment assn",-0.258438534334087,0.117775568763794,-0.489278649111123,-0.027598419557051
"intl law enforcement educators and trainers assn",-0.258001608316308,0.104247938668579,-0.462327568106724,-0.0536756485258923
"assn of american railroads",-0.255031056015608,0.105148943487307,-0.461122985250729,-0.0489391267804869
"mortgage bankers assn",-0.251382283199931,0.13984887368261,-0.525486075617846,0.0227215092179833
"maryland family inst",-0.246314346415809,0.0996044307582772,-0.441539030702032,-0.0510896621295859
"jews for the preservation of firearms ownership",-0.242474182017194,0.107748039894904,-0.453660340211205,-0.0312880238231834
"men for life",-0.241336403143253,0.109981769921223,-0.45690067218885,-0.0257721340976552
"natl assn of home builders",-0.241295440813424,0.115034656593703,-0.466763367737082,-0.0158275138897654
"upper midwest law ctr",-0.238571582555611,0.102859933968352,-0.440177053133581,-0.0369661119776401
"associated general contractors of america",-0.238298834735062,0.108154929043362,-0.450282495660052,-0.0263151738100725
"consumer bankers assn",-0.237115767831145,0.13548679357969,-0.502669883247336,0.028438347585047
"san francisco apartment assn",-0.232977395452353,0.11879042208266,-0.465806622734367,-0.000148168170339302
"mountain states legal fdn’s ctr to keep and bear arms",-0.232867640858389,0.115044258580225,-0.458354387675629,-0.00738089404114889
"jewish coalition for religious liberty",-0.232328991564354,0.125816682192774,-0.47892968866219,0.0142717055334828
"american benefits council",-0.23105063027144,0.101140700187606,-0.429286402639149,-0.0328148579037317
"mastercard",-0.231026701447858,0.14166035230847,-0.50868099197246,0.0466275890767438
"linkedin corporation",-0.231026642542491,0.145988772321467,-0.517164636292566,0.0551113512075843
"constitution party natl comm",-0.229799410027926,0.120527329210276,-0.466032975280068,0.00643415522421498
"zionist org of america",-0.228337553931542,0.0904129004816094,-0.405546838875497,-0.0511282689875881
"american gas assn",-0.223397055090527,0.114722501033847,-0.448253157116867,0.00145904693581222
"americans united for life",-0.221878354946866,0.117601330129831,-0.452376962001335,0.00862025210760231
"idaho freedom fdn",-0.221467104577482,0.10256504517848,-0.422494593127303,-0.0204396160276605
"civil justice assn of california",-0.221084078691711,0.107291251976648,-0.43137493256594,-0.0107932248174819
"beacon ctr of tennessee",-0.219324591363511,0.120396834339145,-0.455302386668236,0.0166532039412133
"american financial services assn",-0.217266290640975,0.129714749400505,-0.471507199465965,0.036974618184015
"tea party patriots action",-0.213572815452808,0.114940545376262,-0.438856284390281,0.0117106534846654
"american target advertising",-0.212526405710943,0.103710710634334,-0.415799398554237,-0.00925341286764919
"intl assn of defense counsel",-0.211032795442975,0.110974289872447,-0.428542403592972,0.00647681270702202
"fdn for individual rights in education",-0.205575220629928,0.109095712698584,-0.419402817519152,0.00825237625929548
"rhode island ctr for freedom and prosperity",-0.204325323502864,0.0961595333255975,-0.392798008821035,-0.0158526381846931
"computer and communications industry assn",-0.20395624848441,0.133442830086396,-0.465504195453747,0.0575916984849266
"clare boothe luce ctr for conservative women",-0.20378464463908,0.102462415799341,-0.404610979605788,-0.00295830967237107
"small property owners of san francisco inst",-0.203538088016776,0.118318958636412,-0.435443246944143,0.0283670709105921
"natl cattlemen’s beef assn",-0.203165195947022,0.115674385936705,-0.429886992382963,0.0235566004889192
"council for christian colleges and universities",-0.201374373949846,0.0751635354184365,-0.348694903369982,-0.0540538445297105
"ctia-the wireless assn",-0.200866464573931,0.114192881477612,-0.42468451227005,0.0229515831221886
"natl assn of parents d/b/a parentsusa",-0.200382622724121,0.105442582854265,-0.407050085118481,0.0062848396702396
"becket fund for religious liberty",-0.199903401525564,0.113124451201729,-0.421627325880953,0.0218205228298261
"united synagogue of conservative judaism",-0.197147503058815,0.116515442929612,-0.425517771200855,0.0312227650832243
"verizon services",-0.195979459059884,0.127279073196871,-0.445446442525751,0.0534875244059834
"land ctr for cultural engagement",-0.194018413660467,0.107411532627167,-0.404545017609715,0.0165081902887798
"western states petroleum assn",-0.193835562704326,0.102780134839672,-0.395284626990083,0.00761350158143151
"moms for liberty",-0.192536914829992,0.104920997040521,-0.398182069029413,0.0131082393694285
"rabbinical council of america",-0.192204915583616,0.124131877615693,-0.435503395710374,0.0510935645431431
"fairness ctr",-0.190863836220934,0.107267253382736,-0.401107652851097,0.0193799804092297
"nc values inst",-0.189785025584828,0.101259162611062,-0.388252984302509,0.00868293313285284
"ustelecom-the broadband assn",-0.18756402323768,0.10917035508352,-0.401537919201378,0.0264098727260191
"erisa industry comm",-0.18694775567761,0.0971145360493633,-0.377292246334362,0.00339673497914222
"natl assn for college admission counseling",-0.181606156401792,0.1318625531638,-0.440056760602839,0.0768444477992551
"act",-0.181606144916102,0.13026000147039,-0.436915747798065,0.0737034579658618
"college board",-0.181606111695163,0.133720937096814,-0.443699148404919,0.0804869250145934
"coalition for litigation justice",-0.181413286212549,0.102717828073327,-0.382740229236271,0.0199136568111731
"criminal justice legal fdn",-0.180983481128551,0.149713043803093,-0.474421046982612,0.112454084725511
"ctr for american liberty",-0.178037838866218,0.112382610329958,-0.398307755112936,0.0422320773804988
"intl ctr for law and economics",-0.172181691596223,0.111867575680348,-0.391442139929705,0.0470787567372577
"orthodox church in america",-0.171699611108109,0.132685161473223,-0.431762527595627,0.0883633053794088
"california police chiefs assn",-0.16526362435236,0.138502749274952,-0.436729012931266,0.106201764226545
"natl apartment assn",-0.162410200107261,0.103784738566307,-0.365828287697222,0.0410078874827011
"ctr for workplace compliance",-0.15799629977192,0.0914925333802554,-0.337321665197221,0.0213290656533804
"protect the 1st",-0.156017933571375,0.0919797860272434,-0.336298314184773,0.0242624470420218
"natl assn of realtors®",-0.151571679743015,0.152638847302052,-0.450743820455036,0.147600460969007
"alliance for automotive innovation",-0.151359129080365,0.10952279545512,-0.3660238081724,0.0633055500116693
"american fuel and petrochemical manufacturers",-0.150024169029691,0.106327995805639,-0.358427040808742,0.0583787027493608
"intellectual property law assn of chicago",-0.14596438767336,0.101465892256951,-0.344837536496984,0.0529087611502636
"illinois policy inst",-0.144609294527202,0.0936769385107019,-0.328216094008178,0.0389975049537739
"first amendment lawyers assn",-0.139471057135875,0.110786657630072,-0.356612906090816,0.0776707918190655
"project for privacy and surveillance accountability",-0.138990806656561,0.11691524146764,-0.368144679933136,0.0901630666200135
"natl coalition against censorship",-0.135337774545317,0.115955775549068,-0.36261109462149,0.0919355455308566
"natl assn of criminal defense lawyers",-0.131357458994982,0.194145654523145,-0.511882941860346,0.249168023870381
"restore the fourth",-0.128482176303305,0.1140902028032,-0.352098973797578,0.0951346211909678
"natl rural electric cooperative assn",-0.122443498356168,0.140963218694397,-0.398731406997185,0.15384441028485
"american intellectual property law assn",-0.102310264613373,0.142374986253234,-0.381365237669713,0.176744708442966
"unified patents",-0.097529663961897,0.085070670897551,-0.264268178921097,0.0692088509973028
"disabled american veterans",-0.0965104657849909,0.0978646428512698,-0.28832516577348,0.0953042342034979
"copyright alliance",-0.0883940063590982,0.0806938062143294,-0.246553866539184,0.0697658538209876
"famm",-0.0881846803361871,0.128189984627961,-0.339437050206991,0.163067689534617
"pharmaceutical research and manufacturers of america",-0.074928924446375,0.163137639105382,-0.394678697092924,0.244820848200175
"natl trans bar assn",-0.0720314505779805,0.170121846849551,-0.405470270403101,0.26140736924714
"internet assn",-0.0713918712361353,0.117394063139132,-0.301484234988833,0.158700492516563
"cause of action inst",-0.0692610306628071,0.118302266073141,-0.301133472166163,0.162611410840549
"bronx defenders",-0.0622819810009553,0.163861958093255,-0.383451418863736,0.258887456861825
"reporters comm for freedom of the press",-0.059927483921075,0.149938856567953,-0.353807642794263,0.233952674952113
"netchoice",-0.0583169366133688,0.10494110251032,-0.264001497533596,0.147367624306858
"biotechnology innovation org",-0.057824646915171,0.068749663118862,-0.19257398662814,0.0769246927977985
"veterans of foreign wars of the united states",-0.0571965495800434,0.0872940216216365,-0.228292831958451,0.113899732798364
"vietnam veterans of america",-0.0555601284385909,0.0819836833412579,-0.216248147787456,0.105127890910275
"natl org of veterans’ advocates",-0.0500000697172726,0.0785841915114893,-0.204025085079792,0.104024945645246
"california peace officers’ assn",-0.0499744576368306,0.0690433463872869,-0.185299416555913,0.0853505012822517
"natl lgbt bar assn",-0.0462681541379242,0.155455765777353,-0.350961455061537,0.258425146785689
"microsoft corporation",-0.0441550943650513,0.144091725034492,-0.326574875432655,0.238264686702552
"cummins",-0.0417523918319749,0.126670055443105,-0.29002570050046,0.20652091683651
"american jewish comm",-0.0399379169689064,0.13487161398666,-0.304286280382761,0.224410446444948
"natl assn of federal defenders",-0.0396047979031159,0.168150031696228,-0.369178860027722,0.289969264221491
"intellectual property owners assn",-0.0351147628259178,0.0540990692522861,-0.141148938560399,0.070919412908563
"r street inst",-0.0279053035561306,0.151550159294152,-0.324943615772668,0.269133008660407
"assn of american publishers",-0.0234138487680726,0.089198232889088,-0.198242385230685,0.15141468769454
"natl foreign trade council",-0.0181744480036663,0.16984787840003,-0.351076289667725,0.314727393660392
"league of california cities",-0.0174407759972227,0.146909511581561,-0.305383418697081,0.270501866702636
"dkt liberty project",-0.0133434262695505,0.150903128023766,-0.309113557196133,0.282426704657031
"roderick and solange macarthur justice ctr",-0.0127391067042679,0.113411449001688,-0.235025546747576,0.20954733333904
"catholic charities usa",-0.0113634815331627,0.151998384846866,-0.309280315833021,0.286553352766695
"assn for accessible medicines",-0.0110793797221001,0.127226118045866,-0.260442571091998,0.238283811647798
"authors guild",-0.00683523419058008,0.0870427094210552,-0.177438944655848,0.163768476274688
"president of the house of deputies of the episcopal church",-0.0062116926945559,0.150074431911751,-0.300357579241587,0.287934193852476
"natl assn of wholesaler-distributors",-0.00612740586153569,0.16301401458174,-0.325634874441746,0.313380062718674
"natl district attorneys assn",-0.00406553288522224,0.0869443148214613,-0.174476389935286,0.166345324164842
"natl assn for public defense",0.00392392607918044,0.0794392536103219,-0.15177701099705,0.159624863155411
"natl veterans legal services program",0.00440904349153472,0.0812620846034223,-0.154864642331173,0.163682729314242
"american conservative union fdn",0.0114836592337816,0.134779597016316,-0.252684350918198,0.275651669385761
"intl brotherhood of teamsters",0.0144540073404991,0.147679426130285,-0.274997667874859,0.303905682555857
"natl sheriffs’ assn",0.015218804506833,0.149001787816925,-0.276824699614339,0.307262308628005
"information technology industry council",0.015348755666511,0.0871750137372487,-0.155514271258496,0.186211782591518
"law enforcement action partnership",0.0155540953464729,0.152597312935593,-0.28353663800729,0.314644828700235
"military-veterans advocacy",0.018055461371762,0.0479983363530835,-0.0760212778802817,0.112132200623806
"news media alliance",0.0224680998806253,0.0950352064859592,-0.163800904831855,0.208737104593105
"l.a. care health plan",0.0235569975307545,0.135705732843959,-0.242426238843405,0.289540233904914
"federal circuit bar assn",0.0236693233899515,0.0372431262848612,-0.0493272041283766,0.0966658509082795
"defenders of wildlife",0.0325464914915428,0.13181192582171,-0.225804883119008,0.290897866102094
"bay area lawyers for individual freedom",0.0373130892848627,0.137019327796248,-0.231244793195784,0.305870971765509
"act | the app assn",0.0374724822421445,0.0553381759130123,-0.0709903425473596,0.145935307031649
"natl police accountability project",0.0398837075113218,0.142163485016475,-0.23875672312097,0.318524138143614
"protect democracy project",0.0420232479908051,0.14585356326151,-0.243849736001754,0.327896231983364
"brooklyn defender services",0.042519497056878,0.151853001284075,-0.255112385459909,0.340151379573665
"council on american-islamic relations",0.0439851173942681,0.138912721398399,-0.228283816546594,0.31625405133513
"innocence project",0.0494798735164652,0.0818752128528857,-0.110995543675191,0.209955290708121
"assn for community affiliated plans",0.0494966859838969,0.13772695661363,-0.220448148978818,0.319441520946612
"california state assn of counties",0.050202626912708,0.153081935978653,-0.249837967605453,0.350243221430869
"high tech inventors alliance",0.0506308614476008,0.0895542353662508,-0.124895439870251,0.226157162765452
"waking women healing inst",0.0530703623016942,0.0642073760320975,-0.0727760947212169,0.178916819324605
"new york intellectual property law assn",0.0551979462389672,0.107177561071209,-0.154870073460602,0.265265965938537
"natl press photographers assn",0.0568891608539715,0.102044359064434,-0.143117782912319,0.256896104620262
"woodhull freedom fdn",0.0578043437182412,0.13456798244923,-0.20594890188225,0.321557589318733
"first nations women’s alliance",0.0579832434669785,0.0683260587235361,-0.0759358316311523,0.191902318565109
"intl mayan league",0.0586037981021431,0.07629300864438,-0.0909304988408416,0.208138095045128
"authors alliance",0.0594976173168036,0.0785713876004661,-0.0945023023801099,0.213497537013717
"intl trademark assn",0.0620362350843076,0.0760618351687726,-0.0870449618464867,0.211117432015102
"fred t. korematsu ctr for law and equality",0.0651829541276186,0.138477747703583,-0.206233431371404,0.336599339626641
"wikimedia fdn",0.0651970048068605,0.0800630435787808,-0.0917265606075498,0.222120570221271
"modern military assn of america",0.0680667815222317,0.13649713111327,-0.199467595459777,0.33560115850424
"dra entities",0.0718327444628809,0.0671989380356394,-0.0598771740869723,0.203542663012734
"first focus on children",0.0849609483850773,0.138944019080774,-0.18736932901324,0.357291225783395
"america’s health insurance plans",0.0856569985222347,0.135168703348722,-0.179273660041259,0.350587657085729
"neighborhood defender service of harlem",0.0910909470643027,0.0686559866322031,-0.0434747867348154,0.225656680863421
"freedom to read fdn",0.0945930291276193,0.135893788521137,-0.17175879637381,0.360944854629048
"american council on education",0.0968935299665006,0.118465792869648,-0.13529942405801,0.329086483991012
"american islamic congress",0.0971142940547812,0.118862546506847,-0.135856297098639,0.330084885208201
"muslim public affairs council",0.0973572116251065,0.1356582158872,-0.168532891513805,0.363247314764018
"youth rights and justice",0.102077446997741,0.073635299239007,-0.0422477395107131,0.246402633506194
"kansas coalition against sexual and domestic violence",0.102552107476592,0.112000572906657,-0.116969015420456,0.322073230373641
"montana coalition against domestic and sexual violence",0.102561370941487,0.113662587882168,-0.120217301307562,0.325340043190536
"natl assn of counsel for children",0.103675580087493,0.109089920055159,-0.110140663220619,0.317491823395605
"media law resource ctr",0.105408026664022,0.0888642357049515,-0.0687658753176829,0.279581928645727
"service women’s action network",0.106717800747192,0.130431694773238,-0.148928321008354,0.362363922502738
"postmates",0.107563842295963,0.122534048750659,-0.132602893255328,0.347730577847255
"illinois coalition against domestic violence",0.107861736140105,0.120327407628903,-0.127979982812545,0.343703455092755
"equally american legal defense and education fund",0.111314621897972,0.0818811242994909,-0.0491723817290301,0.271801625524974
"aclu of puerto rico",0.111338849572789,0.084078382264549,-0.0534547796657269,0.276132478811305
"developers alliance",0.112182500795949,0.078078678854879,-0.0408517097596135,0.265216711351512
"american academy of nursing",0.112433236250584,0.120195157242587,-0.123149271944886,0.348015744446054
"wisconsin coalition against sexual assault",0.11380396206149,0.114781543080335,-0.111167862375967,0.338775786498947
"natl conference of state legislatures",0.114977207329758,0.148279295700997,-0.175650212244196,0.405604626903712
"pricewaterhousecoopers llp",0.115381145813032,0.118426070518454,-0.116733952403137,0.347496244029201
"council for advancement and support of education",0.119351116296502,0.104441914206316,-0.0853550355478781,0.324057268140882
"paralyzed veterans of america",0.122171463490306,0.153089217999809,-0.177883403789319,0.422226330769931
"pfizer",0.122224779135739,0.120642816209958,-0.114235140635778,0.358684698907257
"tripadvisor",0.122263262445471,0.0737386900789142,-0.0222645701092009,0.266791095000143
"vimeo",0.122910618704253,0.119130042352377,-0.110584264306406,0.356405501714913
"edison electric inst",0.124589926596176,0.145450773206938,-0.160493588889424,0.409673442081775
"pen american ctr",0.128318426499464,0.15910712818595,-0.183531544744998,0.440168397743926
"lyft",0.129171987036332,0.119544264387726,-0.105134771163611,0.363478745236275
"workers circle",0.12996073718465,0.131295718653103,-0.127378871375432,0.387300345744733
"uber technologies",0.132411800337032,0.11913308432314,-0.101089044936322,0.365912645610385
"american hospital assn",0.134389002107399,0.119594735124777,-0.100016678737163,0.368794682951962
"technet",0.138276804409181,0.090005369730226,-0.0381337202620621,0.314687329080424
"assn of the bar of the city of new york",0.142316637215478,0.123333149031969,-0.0994163348871814,0.384049609318138
"mozilla corporation",0.144540900296904,0.12202376892896,-0.0946256868038586,0.383707487397666
"seattle indian health board",0.145145412149472,0.125692743656836,-0.101212365417926,0.39150318971687
"natl ctr on domestic and sexual violence",0.145151676964151,0.12311951798462,-0.0961625782857035,0.386465932214006
"sexual violence prevention assn",0.145155775084165,0.121969114940653,-0.0939036901995154,0.384215240367846
"virgin islands bar assn",0.148501053682069,0.0888106253400263,-0.0255677719843823,0.322569879348521
"hr policy assn",0.14880703771732,0.123301800357118,-0.0928644909826306,0.390478566417271
"tribal law and policy inst",0.149461340760432,0.124331589877566,-0.0942285753995974,0.393151256920461
"ctr for democracy and technology",0.151343976463031,0.166224638127677,-0.174456314267216,0.477144267193278
"mental health america",0.154004915540605,0.111274211522665,-0.0640925390438183,0.372102370125029
"american public health assn",0.155213725937693,0.121068446855984,-0.082080429900035,0.392507881775421
"greater new york hospital assn",0.157193969468543,0.075633747845553,0.00895182369125888,0.305436115245826
"services immigrant rights and education network",0.157209962288252,0.0627748171361368,0.034171320701424,0.28024860387508
"article 19: global campaign for free expression",0.158133862149037,0.107649257225611,-0.0528586820131601,0.369126406311234
"general synod of the united church of christ",0.160692362461923,0.125446523878332,-0.0851828243396078,0.406567549263455
"native women’s soc of the great plains",0.160812790559134,0.111413129345349,-0.0575569429577497,0.379182524076017
"nike",0.161343971416349,0.104884906390783,-0.0442304451095858,0.366918387942284
"blue cross blue shield assn",0.164091236288879,0.111265089743835,-0.0539883396090369,0.382170812186796
"natl black justice coalition",0.165459004313406,0.110957002792697,-0.0520167211602802,0.382934729787093
"yelp",0.165550177458018,0.0736893278147696,0.0211190949410692,0.309981259974966
"cisco systems",0.165842717224902,0.0795391783335496,0.00994592769114494,0.321739506758659
"ctr for law and social policy",0.167837667758994,0.0675131247551735,0.0355119432388536,0.300163392279134
"central conference of american rabbis",0.17246823133609,0.116303069927685,-0.0554857857221722,0.400422248394351
"positive women’s network-usa",0.175009563911214,0.109707019806355,-0.0400161949092414,0.390035322731669
"immigrant law ctr of minnesota",0.17556227105246,0.0654017993000799,0.0473747444243032,0.303749797680616
"mississippi ctr for justice",0.17556628035887,0.0633229799244197,0.0514532397070078,0.299679321010733
"twitter",0.176223347668685,0.0664602787724086,0.0459612012747646,0.306485494062606
"american gateways",0.17689174976584,0.0710688595420164,0.037596785063488,0.316186714468192
"young ctr for immigrant children’s rights",0.176897978294681,0.0638718626387283,0.0517091275227735,0.302086829066589
"knight first amendment inst at columbia university",0.177485191923443,0.161951536205252,-0.139939819038851,0.494910202885738
"arab american inst",0.17751058396673,0.0617797109650942,0.0564223504751455,0.298598817458315
"amazon.com",0.177889383211008,0.130989571762389,-0.0788501774432747,0.43462894386529
"immigrant defenders law ctr",0.180851350798552,0.088172004744594,0.0080342214991477,0.353668480097956
"we testify",0.181043410444711,0.101625022731315,-0.0181416341086669,0.38022845499809
"glaxosmithkline",0.1814737160298,0.0748584141985537,0.0347512242006348,0.328196207858965
"floor64 d/b/a the copia inst",0.182438121050963,0.15923697854154,-0.129666356890456,0.494542598992381
"asylum seeker advocacy project",0.182499536790327,0.0746974903072052,0.0360924557882048,0.328906617792449
"latin america working grp",0.184702242909871,0.061905929382257,0.0633666213206476,0.306037864499095
"jewish war veterans of the united states of america",0.18673408359263,0.0816175478764465,0.0267636897547945,0.346704477430465
"immigrant legal resource ctr",0.187180559809487,0.0606273333606967,0.0683509864225214,0.306010133196452
"thumbtack",0.189709285127299,0.0982142576872474,-0.00279065993970615,0.382209230194304
"univision communications",0.189713315868613,0.0886562168695581,0.0159471308042792,0.363479500932947
"turo",0.189719892773048,0.0912256961958473,0.0109175282291876,0.368522257316909
"hamilton college",0.190238026823187,0.070553983642066,0.0519522188847377,0.328523834761637
"council of independent colleges",0.190238225491414,0.0631934248841895,0.0663791127184025,0.314097338264425
"connecticut college",0.190238234755832,0.0631433399186284,0.0664772885153202,0.313999180996343
"franklin and marshall college",0.190238795672055,0.0622686580538056,0.0681922258865965,0.312285365457514
"american assn of state colleges and universities",0.190238808067706,0.0645801427439415,0.0636617282895805,0.316815887845831
"colby college",0.190238860093003,0.0624973009296404,0.067744150270908,0.312733569915098
"barnard college",0.190239098876696,0.0646184717637522,0.0635868942197422,0.316891303533651
"natl assn of student financial aid administrators",0.190239157734581,0.0676399841642175,0.0576647887727151,0.322813526696448
"marymount university",0.190239266919826,0.0618420507473341,0.0690288474550513,0.311449686384601
"natl assn of diversity officers in higher education",0.190239417960195,0.0613644622751983,0.0699650719008062,0.310513764019584
"assn of jesuit colleges and universities",0.190239443871621,0.0565750220621885,0.0793524006297311,0.30112648711351
"loyola university of chicago",0.190239545166464,0.0532139977025757,0.0859401096694156,0.294538980663512
"carnegie mellon university",0.190239745694322,0.0634063901264462,0.0659632210464874,0.314516270342157
"natl assn of college and university business officers",0.190239810041443,0.0705678419278716,0.051926839862815,0.328552780220072
"bucknell university",0.190239862203782,0.0667709200750315,0.0593688588567202,0.321110865550844
"council of graduate schools",0.190240000743103,0.0595774205615473,0.0734682564424708,0.307011745043736
"macalester college",0.190240067613925,0.0749179672045281,0.0434008518930496,0.3370792833348
"natl assn of independent colleges and universities",0.190240179577251,0.0625840595838932,0.0675754227928208,0.312904936361682
"assn of american colleges and universities",0.190240183826647,0.068902735670241,0.0551908219129746,0.325289545740319
"college and university professional assn for human resources",0.190240189490861,0.0642854891722594,0.0642406307132321,0.316239748268489
"wasc senior college and university commission",0.190240366366328,0.0630800834296971,0.0666034028441218,0.313877329888534
"middle states commission on higher education",0.190240402133842,0.0626991521955927,0.0673500638304803,0.313130740437204
"amherst college",0.190240619444068,0.0670989980676429,0.0587265832314881,0.321754655656648
"massachusetts law reform inst",0.190240647192299,0.0621283248959516,0.0684691303962337,0.312012163988364
"american indian higher education consortium",0.190240653774754,0.0607920668633723,0.071088202722544,0.309393104826963
"middlebury college",0.190240949075241,0.0674760963497313,0.0579878002297673,0.322494097920714
"teach for america",0.19024097814221,0.0648180733398353,0.0631975543961328,0.317284401888287
"bryn mawr college",0.190241036276192,0.0641087524049699,0.0645878815624507,0.315894190989933
"realnetworks",0.19024129747481,0.0625637924475241,0.0676162642776625,0.312866330671957
"natl collegiate athletic assn",0.190241397826338,0.0607495384069676,0.0711723025486811,0.309310493103994
"carleton college",0.190241606051215,0.0673782943510275,0.058180149123201,0.322303062979229
"mount holyoke college",0.190241871364587,0.0586530248985455,0.075281942563438,0.305201800165737
"educause",0.190241906627693,0.0641757562436302,0.0644574243901775,0.316026388865208
"council for opportunity in education",0.190241965163738,0.065287389771001,0.0622786812125765,0.3182052491149
"american assn of community colleges",0.190242024678758,0.065476964795078,0.0619071736804047,0.31857687567711
"haverford college",0.190242397752221,0.0628875228405427,0.0669828529847576,0.313501942519685
"american speech-language-hearing assn",0.190242465355028,0.0647731376461212,0.0632871155686302,0.317197815141425
"phi beta kappa",0.19024252966729,0.0622796709521047,0.0681743746011646,0.312310684733415
"naspa-student affairs administrators in higher education",0.190242683107768,0.0658647362354018,0.06114780008638,0.319337566129155
"bowdoin college",0.190242884146884,0.0695802614625872,0.0538655716802134,0.326620196613555
"christian brothers university",0.190242913511194,0.0604614177336484,0.0717385347532435,0.308747292269145
"legal aid soc",0.191335637511822,0.12690769559284,-0.0574034458501435,0.440074720873788
"central american resource ctr of northern ca-carecen sf",0.191579579101712,0.0692630242324014,0.0558240516062051,0.327335106597219
"coalition for humane immigrant rights",0.191579728799326,0.0635762809467133,0.0669702181437681,0.316189239454884
"state and local legal ctr",0.195301392295223,0.12947952143732,-0.0584784697219245,0.44908125431237
"intl refugee assistance project",0.196011968878645,0.0906711346883881,0.0182965448894042,0.373727392867886
"citizens equal rights fdn",0.196400513027137,0.134131927171757,-0.0664980642295062,0.459299090283779
"kentucky assn of sexual assault programs",0.197185994090895,0.100903647561569,-0.000585155129780357,0.39495714331157
"asian and pacific islander american health forum",0.197422491142144,0.102881622794938,-0.00422548953593441,0.399070471820222
"ctr for american progress",0.197747134494152,0.0658473250656857,0.068686377365408,0.326807891622896
"sikh coalition",0.197866618861296,0.10813005672585,-0.0140682923213708,0.409801530043963
"minkwon ctr for community action",0.1990619367414,0.0587483995399436,0.0839150736431107,0.31420879983969
"natl queer asian pacific islander alliance",0.199418811375354,0.0613160548115976,0.0792393439446225,0.319598278806085
"alianza americas",0.199566922653716,0.0695970894897027,0.0631566272538984,0.335977218053533
"farmworker justice",0.199730207331628,0.0824018512215834,0.0382225789373245,0.361237835725931
"immigrant defense project",0.199952916664311,0.0783426511411765,0.0464013204276048,0.353504512901017
"assn of governing boards of universities and colleges",0.201190793374135,0.0615643973344327,0.0805245745986465,0.321857012149623
"community legal services in east palo alto",0.20122455949123,0.0749424632286526,0.0543373315630709,0.348111787419389
"natl hispanic media coalition",0.201702485976779,0.0722436795980311,0.0601048739646382,0.34330009798892
"american historical assn",0.202114478772162,0.0933823468591558,0.0190850789282168,0.385143878616107
"new york legal assistance grp",0.202389507516205,0.0819396574156557,0.0417877789815199,0.36299123605089
"assn of research libraries",0.202923446739591,0.0808340291180688,0.0444887496681764,0.361358143811006
"physicians for human rights",0.20360827905887,0.08061338186073,0.0456060506118392,0.361610507505901
"battered women’s justice project",0.203943447720989,0.119772475305271,-0.0308106038773436,0.438697499319321
"american-arab anti-discrimination comm",0.206551179555353,0.0858089236651516,0.0383656891716559,0.37473666993905
"northrop grumman corporation",0.207658170441307,0.0797156008023789,0.0514155928686447,0.36390074801397
"starbucks corporation",0.207658354080335,0.0837903891235385,0.0434291913981997,0.371887516762471
"procter and gamble company",0.20766144913365,0.0784345545257324,0.0539297222632141,0.361393176004085
"leukemia and lymphoma soc",0.209919618304121,0.0902988220405194,0.0329339271047027,0.386905309503539
"natl ctr for transgender equality",0.210019962912511,0.105280644796763,0.00366989911085527,0.416370026714167
"trillium asset management",0.210086269540929,0.0888706977892899,0.0358997018739209,0.384272837207937
"baptist joint comm for religious liberty",0.210243862901724,0.116233924521657,-0.0175746291607232,0.438062354964171
"software and information industry assn",0.210939437491711,0.141085526402824,-0.0655881942578252,0.487467069241247
"asian law alliance",0.211589625466893,0.0691241425526652,0.0761063060636687,0.347072944870116
"children’s defense fund",0.211883507980175,0.0907374975775657,0.0340380127281464,0.389729003232204
"southern coalition for social justice",0.211972715675482,0.0908570181472739,0.0338929601068248,0.390052471244138
"north carolina justice ctr",0.212633179606436,0.0965985006937765,0.0233001182466342,0.401966240966238
"southwest women’s law ctr",0.212941120992159,0.0670956921976245,0.0814335642848152,0.344448677699503
"assn of public and land-grant universities",0.213197598690254,0.0576898481324473,0.100125496350658,0.326269701029851
"assn of american universities",0.213199772644893,0.0607835941756255,0.0940639280606671,0.332335617229119
"match grp",0.213770820759186,0.0852027880241271,0.046773356231897,0.380768285286475
"9to5 natl assn of working women",0.215845788696116,0.0724649831598781,0.0738144217027548,0.357877155689477
"women’s medical fund",0.21612268280834,0.0587573165437449,0.1009583423826,0.33128702323408
"population connection action fund",0.216124450150558,0.0685815472815356,0.0817046174787483,0.350544282822368
"united farm workers of america",0.21756627906565,0.0792733348617444,0.0621905427366307,0.372942015394669
"asian pacific american labor alliance",0.217834460356074,0.0652791827448022,0.0898872621762612,0.345781658535886
"chamber of progress",0.218084119611879,0.118226763034588,-0.0136403359359135,0.449808575159672
"progress florida",0.218694801149809,0.0678215035976965,0.0857646540983234,0.351624948201294
"advocates for youth",0.218776030347376,0.0605189806336,0.10015882830552,0.337393232389232
"hispanic assn of colleges and universities",0.218799533742264,0.0682571253457973,0.0850155680645018,0.352583499420027
"bend the arc: a jewish partnership for justice",0.218929589074216,0.0504866424165493,0.119975769937779,0.317883408210653
"soc of general internal medicine",0.220978919651051,0.0622954871017783,0.0988797649315656,0.343078074370537
"google",0.221958622868485,0.114295031257607,-0.00205963839642456,0.445976884133395
"child usa",0.225134333265099,0.0808309839068457,0.0667056048076818,0.383563061722517
"natl network of abortion funds",0.225242249553363,0.061910637173497,0.103897400693309,0.346587098413418
"soc of family planning",0.225244671113092,0.0660280339214234,0.0958297246271024,0.354659617599082
"lawyers for civil rights",0.225266002453896,0.0682892621363667,0.0914190486666175,0.359112956241175
"karamah: muslim women lawyers for human rights",0.227010299692737,0.0951345637285557,0.0405465547847682,0.413474044600706
"pinterest",0.227209675499568,0.0808706937290096,0.0687031157907091,0.385716235208427
"natl indigenous women’s resource ctr",0.227274831625394,0.0870968511704532,0.0565650033313055,0.397984659919482
"andrew goodman fdn",0.227523799746365,0.0664434659392172,0.0972946065054989,0.35775299298723
"advocates for human rights",0.227948527102132,0.0665734478278567,0.0974645693595332,0.358432484844731
"natl justice for our neighbors",0.228635830348873,0.0596063839313958,0.111807317843338,0.345464342854409
"tntp",0.229189549419628,0.0796949342478099,0.0729874782939208,0.385391620545336
"viiv healthcare company",0.229854873466293,0.0763514126216292,0.0802061047279002,0.379503642204687
"muslim advocates",0.231033777027845,0.110107707937132,0.0152226694710651,0.446844884584624
"natl asian pacific american bar assn",0.231303874740112,0.0683095724500214,0.09741711273807,0.365190636742154
"women lawyers assn of los angeles",0.232473813759744,0.0716491742507153,0.0920414322283424,0.372906195291147
"ujima: natl ctr on violence against women in the black community",0.23263935117813,0.0980389229687414,0.0404830621593965,0.424795640196863
"america’s essential hospitals",0.233265764467421,0.0826445376609066,0.0712824706520441,0.395249058282798
"family equality",0.233925438003953,0.0861328405099149,0.0651050706045203,0.402745805403387
"natl immigration litigation alliance",0.234399505550834,0.0794324132289894,0.0787119756220144,0.390087035479653
"black women’s health imperative",0.234491858977576,0.0761948594341476,0.0851499344866472,0.383833783468506
"everthrive illinois",0.234492459428409,0.0783731538704755,0.0808810778422775,0.388103841014541
"pflag",0.23475042940123,0.0985732659431168,0.041546828152721,0.427954030649739
"new york civil liberties union",0.235550403121091,0.116726235752856,0.00676698104549339,0.464333825196688
"natl latina inst for reproductive justice",0.236114053255403,0.0652441808754152,0.108235458739589,0.363992647771217
"poverty and race research action council",0.236194230542758,0.12145074369409,-0.00184922709765709,0.474237688183174
"human rights campaign",0.236442257749253,0.10075776667062,0.0389570350748377,0.433927480423668
"network lobby for catholic social justice",0.236635901308283,0.070080386534222,0.0992783437012075,0.373993458915358
"legal aid justice ctr",0.236790888258935,0.0854324305227195,0.0693433244344051,0.404238452083466
"hispanic natl bar assn",0.237602185514026,0.0648841623950205,0.110429227219786,0.364775143808266
"natl medical assn",0.237733390961908,0.0564544195508249,0.127082728642291,0.348384053281525
"japanese american citizens league",0.237974268615881,0.0600153688398029,0.120344145689867,0.355604391541894
"natl capacd-natl coalition for asian pacific american community development",0.238220851769054,0.0685331229176541,0.103895930850452,0.372545772687656
"apple",0.239640541101962,0.107085356045969,0.0297532432518627,0.449527838952061
"natl coalition against domestic violence",0.240009977555084,0.0897196767147619,0.064159411194151,0.415860543916018
"information technology and innovation fdn",0.240409149523808,0.138233968681397,-0.03052942909173,0.511347728139345
"hp",0.240936217544334,0.0722905195883128,0.0992467991512411,0.382625635937427
"pregnancy justice",0.240939321446329,0.0754129096807097,0.0931300184721377,0.38874862442052
"self-help credit union",0.241114214762481,0.0876655413669533,0.0692897536832522,0.412938675841709
"impact fund",0.241490999523921,0.104804694094082,0.0360737990995204,0.446908199948322
"demos",0.241582281917506,0.0977252569135657,0.050040778366917,0.433123785468095
"reproductive health access project",0.243660680029077,0.09271645789077,0.0619364225631674,0.425384937494986
"safe horizon",0.244095187627686,0.0863763184777543,0.0747976034112877,0.413392771844084
"coalition of labor union women",0.24457768178052,0.0745389482133021,0.0984813432824476,0.390674020278592
"colorado women’s bar assn",0.245429967639273,0.0668131078688214,0.114476276216383,0.376383659062163
"org of american historians",0.246311112562893,0.0981686141267596,0.053900628874444,0.438721596251342
"engine advocacy",0.247265489404512,0.0908082593499171,0.069281301078675,0.42524967773035
"natl workrights inst",0.247358245832157,0.0899746608669858,0.0710079105328648,0.423708581131449
"natl family planning and reproductive health assn",0.24745439823593,0.0606057429291267,0.128667142094842,0.366241654377018
"american sexual health assn",0.247789181750098,0.0647061232393386,0.120965180200994,0.374613183299201
"tahirih justice ctr",0.247914438297192,0.104833019679621,0.0424417197251359,0.453387156869249
"oca-asian pacific american advocates",0.248183070052275,0.059718530955991,0.131134749378533,0.365231390726018
"florence immigrant and refugee rights project",0.248937595284928,0.0832211932118728,0.0858240565896574,0.412051133980199
"maine women’s lobby",0.2492351801894,0.0735445928997879,0.105087778105815,0.393382582272984
"in our own voice: natl black women’s reproductive justice agenda",0.249629092215773,0.0631948419570605,0.125767201979934,0.373490982451611
"legal aid at work",0.249902338239535,0.0965010293793251,0.0607603206560577,0.439044355823012
"rabbinical assembly",0.25149717678918,0.0613655974783098,0.131220605731692,0.371773747846667
"intel corporation",0.251591389956886,0.0705159773239301,0.113380074401983,0.389802705511789
"virginia sexual and domestic violence action alliance",0.251957311892334,0.0913736238199866,0.0728650092051598,0.431049614579507
"american college of nurse-midwives",0.252102127753344,0.0566676836947021,0.141033467711727,0.36317078779496
"catholic legal immigration network",0.256170382424172,0.0715567107873048,0.115919229281055,0.396421535567289
"public advocacy for kids",0.256613691130364,0.0770160411167207,0.105662250541592,0.407565131719137
"new ways ministry",0.258437002993771,0.0722468758233113,0.116833126380081,0.400040879607461
"atlanta women for equality",0.258572764664271,0.0676126094194454,0.126052050202158,0.391093479126384
"afiya ctr",0.258987358455503,0.0632406169966076,0.135035749142152,0.382938967768854
"women’s alliance for theology ethics and ritual",0.259117724617228,0.0602446716509525,0.141038168181361,0.377197281053094
"natl immigration project of the natl lawyers guild",0.259536188267019,0.0956866699512752,0.0719903151625194,0.447082061371518
"employee rights advocacy inst for law and policy",0.259559264044169,0.086203515439036,0.0906003737836587,0.42851815430468
"freedom of the press fdn",0.26032087765033,0.136277125751719,-0.00678228882303844,0.527424044123698
"government accountability project",0.260350773256909,0.09691636314891,0.0703947014850455,0.450306845028772
"rocky mountain immigrant advocacy network",0.260949208239765,0.0687001493656927,0.126296915483008,0.395601500996523
"natl hispanic medical assn",0.261094571747907,0.0626312440966337,0.138337333318505,0.383851810177309
"natl consumers league",0.263461227960978,0.0672048627718709,0.131739696928111,0.395182758993845
"if/when/how: lawyering for reproductive justice",0.263532991396688,0.0703220756232452,0.125701723175127,0.401364259618249
"intl action network for gender equity and law",0.264386683021839,0.0695458014541374,0.128076912171729,0.400696453871948
"natl treasury employees union",0.268157109913442,0.135591510459799,0.00239774941223636,0.533916470414647
"public counsel",0.268222379385116,0.0804031134158909,0.11063227708997,0.425812481680262
"dignityusa",0.268423705706455,0.0606774248061149,0.149495953086469,0.38735145832644
"global justice ctr",0.268776364380397,0.0662956302933828,0.138836929005367,0.398715799755427
"amnesty intl",0.268811317045505,0.0740182520454944,0.123735543036336,0.413887091054674
"medical students for choice",0.269330996296691,0.0657908774375101,0.140380876519171,0.39828111607421
"advancement project",0.269477347737132,0.103094778111791,0.0674115826380215,0.471543112836242
"natl assn of nurse practitioners in women’s health",0.270210260434825,0.0600444557050797,0.152523127252869,0.387897393616781
"biogen",0.271190428906277,0.0564073630128756,0.160631997401041,0.381748860411513
"unidosus",0.271327018686075,0.0801549597591758,0.11422329755809,0.428430739814059
"black alliance for just immigration",0.271454493237704,0.0879947931487452,0.0989846986661635,0.443924287809244
"johnson controls",0.271751510878847,0.0978556094122455,0.0799545164308456,0.463548505326848
"natl coalition on black civic participation",0.27229042320377,0.0655537587501644,0.143805056053448,0.400775790354092
"feminist women’s health ctr",0.27283305977518,0.0686821442781014,0.138216056990101,0.407450062560259
"american cancer soc cancer action network",0.272843782048576,0.10491045215783,0.0672192958192287,0.478468268277923
"northwest health law advocates",0.273386457833105,0.0691856641554133,0.137782556088495,0.408990359577715
"women with a vision",0.273615944471256,0.0681873412799526,0.139968755562549,0.407263133379963
"natl inst for reproductive health",0.27364486769128,0.0704731062887508,0.135517579365328,0.411772156017231
"natl school boards assn",0.273744322440439,0.111196069098586,0.0558000270072117,0.491688617873667
"natl women’s health network",0.274106001654858,0.0866573294894227,0.10425763585559,0.443954367454127
"quixote ctr",0.274534110216532,0.0686482690021459,0.139983502972326,0.409084717460738
"natl abortion fed",0.274595737251744,0.0617020521972665,0.153659714945101,0.395531759558386
"natl assn of elementary school principals",0.274866821477483,0.082937946318939,0.112308446692363,0.437425196262604
"guttmacher inst",0.275338892493731,0.071912776198424,0.13438985114482,0.416287933842642
"glma: health professionals advancing lgbtq equality",0.275601058737021,0.083835036668136,0.111284386867475,0.439917730606568
"natl congress of american indians",0.275753966616618,0.10890686971635,0.0622965019725725,0.489211431260663
"natl assn of women lawyers",0.276910762956317,0.0618481751059002,0.155688339748753,0.398133186163881
"siecus: sex ed for social change",0.278083714320756,0.0644181975687841,0.151824047085939,0.404343381555573
"asian pacific inst on gender-based violence",0.278981332502853,0.0695980507449889,0.142569153042674,0.415393511963031
"natl whistleblower ctr",0.279220131603845,0.104502807470501,0.074394628961663,0.484045634246027
"naral pro-choice america",0.281451838733682,0.0933675687621237,0.0984514039599196,0.464452273507444
"ibis reproductive health",0.282027547639752,0.0670480753860495,0.150613319883095,0.413441775396409
"consumer fed of america",0.284384289183137,0.128423908862955,0.0326734278117451,0.536095150554529
"natl lgbtq task force",0.284712474210142,0.0864872591184351,0.115197446338009,0.454227502082275
"justice for migrant women",0.284967794493346,0.0778880396962145,0.132307236688766,0.437628352297927
"brennan ctr for justice at nyu school of law",0.285639204981596,0.126407664238055,0.0378801830750073,0.533398226888185
"natl immigration law ctr",0.285974742930486,0.0720250140446683,0.144805715402937,0.427143770458036
"soc for maternal-fetal medicine",0.287374255067838,0.058424962955991,0.172861327674095,0.40188718246158
"womxn project",0.287921388191045,0.0655205687609664,0.159501073419551,0.41634170296254
"taxpayers against fraud education fund",0.288076203189972,0.115009006309785,0.0626585508227938,0.51349385555715
"women employed",0.28891499895024,0.0677481064885577,0.156128710232667,0.421701287667813
"physicians for reproductive health",0.290720334907671,0.0559102268458493,0.181136290289806,0.400304379525535
"american psychiatric assn",0.291002166463427,0.0820082593004623,0.130265978234521,0.451738354692333
"human rights first",0.29114921162986,0.0753036889726271,0.143553981243511,0.438744442016209
"nurses for sexual and reproductive health",0.291228190623039,0.0699154748029394,0.154193860009277,0.4282625212368
"oklahoma call for reproductive justice",0.291229109517894,0.0661932843636359,0.161490272165167,0.42096794687062
"natl alliance to end sexual violence",0.291618532944467,0.0898381601892115,0.115535738973613,0.467701326915322
"partnership for working families",0.291865311029427,0.0713341303181057,0.15205041560594,0.431680206452914
"matthew shepard fdn",0.293068531842541,0.0648674605366,0.165928309190805,0.420208754494277
"refugee and immigrant ctr for education and legal services",0.293232857105173,0.0660367117424009,0.163800902090067,0.422664812120279
"dēmos",0.295690960403957,0.10935635386204,0.081352506834358,0.510029413973557
"equal justice soc",0.296032014534819,0.0684260830253881,0.161916891805058,0.43014713726458
"urge: unite for reproductive and gender equity",0.296429564415964,0.0718768799665785,0.15555087968147,0.437308249150458
"asian americans advancing justice | aajc",0.296994205066063,0.116235393899908,0.0691728330222437,0.524815577109882
"t’ruah: the rabbinic call for human rights",0.297063264612704,0.0611167451660052,0.177274444087334,0.416852085138074
"natl ctr for youth law",0.297234109845928,0.075703834880768,0.148854593479623,0.445613626212234
"lift louisiana",0.297384522602418,0.0670143332622205,0.166036429408466,0.42873261579637
"tesla",0.297519392959828,0.0849929182815243,0.13093327312804,0.464105512791616
"california women lawyers",0.298277997043185,0.064029834961204,0.172779520519225,0.423776473567145
"american civil liberties union",0.29901570210927,0.113160135283263,0.077221836954074,0.520809567264465
"jewish council for public affairs",0.299888484860473,0.0688608842354264,0.164921151759037,0.434855817961909
"american psychological assn",0.300338716468393,0.0850786061457586,0.133584648422706,0.46709278451408
"electronic privacy information ctr",0.300479224592479,0.126432113861783,0.0526722814233843,0.548286167761574
"natl crittenton",0.300649984287277,0.0763000668218759,0.1511018533164,0.450198115258153
"ywca usa",0.300738711494866,0.0658585706565203,0.171655913008086,0.429821509981646
"ultraviolet",0.301246591177379,0.0717234776458335,0.160668574991546,0.441824607363213
"human rights watch",0.301549164846482,0.0673467428635319,0.169549548833959,0.433548780859004
"texas impact",0.301706160100256,0.0815919536736978,0.141785930899808,0.461626389300704
"desiree alliance",0.3020540220989,0.0741958059961595,0.156630242346427,0.447477801851372
"american assn of university women",0.302359991912086,0.0624905484840918,0.179878516883267,0.424841466940906
"gender justice",0.302608556521468,0.0714190230628164,0.162627271318348,0.442589841724588
"juvenile law ctr",0.303247836673995,0.0795816161947936,0.147267868932199,0.45922780441579
"catholics for choice",0.303451481581061,0.0583418746002849,0.189101407364502,0.417801555797619
"natl assn for the advancement of colored people",0.30363369605216,0.0868389702873399,0.133429314288973,0.473838077815346
"natl fed of the blind",0.304401604479585,0.0992734381552518,0.109825665695291,0.498977543263879
"salesforce.com",0.304836465061139,0.0962725942417593,0.11614218034729,0.493530749774987
"american assn of university professors",0.305045299563276,0.0863134177527825,0.135871000767822,0.474219598358729
"women’s bar assn of the state of new york",0.305300116706058,0.063559971413766,0.180722572735077,0.42987766067704
"equal rights advocates",0.306024459816087,0.066899878815904,0.174900697336915,0.437148222295259
"meta platforms",0.306461452024633,0.0787168542053149,0.152176417782216,0.46074648626705
"power to decide",0.306491414673272,0.0664679389489283,0.176214254333373,0.436768575013172
"ctr for responsible lending",0.308119819313164,0.0946612116317835,0.122583844514868,0.49365579411146
"natl domestic violence hotline",0.308481130401992,0.0780230097497087,0.155556031292563,0.461406229511421
"civil rights education and enforcement ctr",0.308494738919531,0.0630109414008684,0.184993293773829,0.431996184065233
"american library assn",0.309719133339474,0.0964382579096505,0.120700147836559,0.498738118842389
"religious coalition for reproductive choice",0.310495374638864,0.058033638801303,0.19674944258831,0.424241306689418
"clearinghouse on women’s issues",0.311261792974115,0.0560839440687856,0.201337262599296,0.421186323348935
"transgender law ctr",0.31134691035153,0.0788923090156308,0.156717984680894,0.465975836022167
"natl asian pacific american women’s forum",0.311376814229846,0.0631919804447134,0.187520532558208,0.435233095901485
"natl health law program",0.31229634329495,0.094050703612276,0.127956964214889,0.496635722375011
"ctr for reproductive rights",0.312530876433328,0.0607205376990355,0.193518622543218,0.431543130323437
"assn of american medical colleges",0.312894642865591,0.0633121470715576,0.188802834605339,0.436986451125844
"natl council on independent living",0.313040654894748,0.0684421287367986,0.178894082570622,0.447187227218873
"keshet",0.313074665054755,0.0634565681013665,0.188699791576077,0.437449538533433
"electronic frontier fdn",0.313995276860464,0.168568304101263,-0.0163985991780115,0.644389152898939
"natl assn of consumer advocates",0.31413717520218,0.107592909339873,0.103255072896028,0.525019277508331
"natl equality action team",0.315225797431104,0.0836204111800364,0.151329791518233,0.479121803343975
"sanctuary for families",0.318304132898173,0.0593919414912371,0.201895927575348,0.434712338220998
"levi strauss and co.",0.319250230743832,0.0886029084883337,0.145588530106698,0.492911931380966
"hadassah the women’s zionist org of america",0.319529137796185,0.0632874989309351,0.195485639891552,0.443572635700818
"southern poverty law ctr",0.320200972099628,0.111976629724046,0.100726777840499,0.539675166358757
"aasa the school superintendents assn",0.320750935245249,0.0941963240792476,0.136126140049924,0.505375730440574
"kwh law ctr for social justice and change",0.320919135056459,0.0643264481530472,0.194839296676486,0.446998973436431
"arc of the united states",0.321491015285239,0.107653947003001,0.110489279159357,0.532492751411121
"hindu american fdn",0.323730446709846,0.0792356911130464,0.168428492128276,0.479032401291417
"natl network to end domestic violence",0.324023902895946,0.076613442761607,0.173861555083196,0.474186250708695
"hispanic fed",0.324028770401314,0.0697784019349522,0.187263102608808,0.460794438193821
"washington lawyers’ comm for civil rights and urban affairs",0.324236474716494,0.0826256356138696,0.162290228913309,0.486182720519678
"sisterreach",0.324438307224518,0.0625207218026362,0.201897692491351,0.446978921957685
"natl women’s political caucus",0.324620122422577,0.0560840043179263,0.214695473959441,0.434544770885713
"shriver ctr on poverty law",0.324813659998115,0.0733150473574956,0.181116167177423,0.468511152818806
"minority veterans of america",0.325040327874416,0.0831420606252503,0.162081889048925,0.487998766699906
"american medical women’s assn",0.32587374584909,0.0617774699085487,0.204789904828335,0.446957586869846
"feminist majority fdn",0.327298220433121,0.0631111065875632,0.203600451521497,0.450995989344745
"american immigration lawyers assn",0.32742609120373,0.128582008572187,0.0754053544022433,0.579446828005217
"reproaction",0.328502297186202,0.0624948068139531,0.206012475830854,0.45099211854155
"evangelical lutheran church in america",0.328864232965515,0.0835880419260303,0.165031670790496,0.492696795140534
"autistic women and nonbinary network",0.329265238809209,0.0732399138538724,0.185715007655619,0.472815469962799
"natl parks conservation assn",0.32928475970007,0.0906872694369722,0.151537711603605,0.507031807796536
"muslims for progressive values",0.329497624085675,0.0643035568332105,0.203462652692583,0.455532595478768
"workday",0.329683549353833,0.0857371622988096,0.161638711248167,0.4977283874595
"legal momentum the women’s legal defense and education fund",0.330667853929069,0.0584094948790517,0.216185243966127,0.44515046389201
"glbtq legal advocates and defenders",0.330775957170246,0.0921104334438732,0.150239507620254,0.511312406720237
"northwest immigrant rights project",0.331475553608631,0.0725037684344054,0.189368167477197,0.473582939740066
"equality california",0.331622129091096,0.0671777498632531,0.19995373935912,0.463290518823072
"oxfam america",0.335450124388016,0.0821166813506761,0.174501428940691,0.496398819835341
"reconstructionist rabbinical assn",0.33545237407947,0.0630924205631211,0.211791229775753,0.459113518383187
"interfaith alliance",0.335946833575566,0.0580105862185416,0.222246084587224,0.449647582563907
"natl partnership for women and families",0.337831193799945,0.0647276198042833,0.210965058983549,0.46469732861634
"jewish women intl",0.337936564744298,0.063761302375611,0.2129644120881,0.462908717400495
"american thoracic soc",0.340499215833924,0.0731888384557672,0.19704909246062,0.483949339207228
"local government legal ctr",0.340662506965957,0.122771622139357,0.100030127572817,0.581294886359096
"women’s bar assn of the district of columbia",0.340869255127543,0.064622250954007,0.214209643257689,0.467528866997397
"naacp",0.341501672098122,0.0919626293237327,0.161254918623606,0.521748425572638
"planned parenthood fed of america",0.342615954023606,0.0837803482263926,0.178406471499877,0.506825436547336
"transgender legal defense and education fund",0.343828067608553,0.0705403883963947,0.20556890635162,0.482087228865487
"better markets",0.345185193635365,0.108245271074768,0.13302446232882,0.55734592494191
"justice in aging",0.345188946151261,0.103854662566464,0.141633807520991,0.548744084781531
"paypal",0.347330583704751,0.0809082084510827,0.188750495140629,0.505910672268873
"american humanist assn",0.348042737240544,0.0871906623088382,0.177149039115221,0.518936435365867
"union for reform judaism",0.348622322539,0.0670115327335018,0.217279718381336,0.479964926696663
"unitarian universalist assn",0.349306647228487,0.0586500733827522,0.234352503398293,0.464260791058682
"natl urban league",0.351904358565761,0.0799615618044376,0.195179697429063,0.508629019702459
"main street alliance",0.35209731701098,0.114775766949358,0.127136813790238,0.577057820231722
"men of reform judaism",0.354583832351061,0.0712289193098176,0.214975150503819,0.494192514198304
"ctr for constitutional rights",0.35697886744678,0.0827578617390016,0.194773458438337,0.519184276455223
"natl assn of clean water agencies",0.357914720486622,0.0938918245094835,0.173886744448035,0.54194269652521
"natl immigrant justice ctr",0.359377136932225,0.104207359148257,0.155130713001641,0.563623560862809
"anti-defamation league",0.359766918985164,0.0986370094262597,0.166438380509696,0.553095457460633
"natl ctr for law and economic justice",0.360038199817962,0.0826555533412371,0.198033315269138,0.522043084366787
"americans united for separation of church and state",0.360581009580264,0.0970280525164564,0.17040602664801,0.550755992512519
"american fed of state county and municipal employees",0.363751497968614,0.0724239786608527,0.221800499793343,0.505702496143885
"legal voice",0.365203205384058,0.0632934498453397,0.241148043687192,0.489258367080923
"autistic self advocacy network",0.365872549426527,0.0638367472882685,0.240752524741521,0.490992574111533
"government finance officers assn",0.368323342555487,0.125127089351257,0.123074247427023,0.613572437683951
"natl disability rights network",0.370577789745478,0.0943300522452277,0.185690887344832,0.555464692146124
"natl employment lawyers assn",0.375215379431751,0.101560560415632,0.176156681017113,0.57427407784639
"american assn of people with disabilities",0.376208398290986,0.0610690369299997,0.256513085908186,0.495903710673785
"judge david l. bazelon ctr for mental health law",0.376629198875228,0.0730563631921674,0.23343872701858,0.519819670731876
"women’s law project",0.383834602353277,0.0669844625828101,0.252545055690969,0.515124149015585
"leadership conference education fund",0.384868510286127,0.0761426832475524,0.235628851120924,0.534108169451329
"american immigration council",0.38526489131273,0.0831390016185067,0.222312448140456,0.548217334485003
"women of reform judaism",0.386450751229491,0.070503359558365,0.248264166495095,0.524637335963886
"american college of obstetricians and gynecologists",0.388471621067516,0.0637767397912662,0.263469211076634,0.513474031058398
"women’s law ctr of maryland",0.389660886644375,0.0707599814944918,0.250971322915171,0.528350450373579
"natural resources defense council",0.391309933459648,0.0854894189627887,0.223750672292583,0.558869194626714
"american academy of family physicians",0.391731792891024,0.0886514107803406,0.217975027761556,0.565488558020491
"natl consumer law ctr",0.393974661115563,0.114879743697774,0.168810363467925,0.6191389587632
"brady ctr to prevent gun violence",0.39516977702126,0.103589304454826,0.192134740289801,0.598204813752719
"niskanen ctr",0.397094311426032,0.100661171174166,0.199798415924667,0.594390206927396
"disability rights education and defense fund",0.397929511375747,0.064020644863919,0.272449047442466,0.523409975309028
"lambda legal defense and education fund",0.401363692817152,0.0919970039258065,0.221049565122571,0.581677820511733
"women lawyers on guard",0.403136480724883,0.0614366077873184,0.282720729461739,0.523552231988027
"public knowledge",0.407244421333295,0.100347860752782,0.210562614257843,0.603926228408747
"naacp legal defense and educational fund",0.409219520641345,0.10406182319868,0.205258347171932,0.613180694110758
"disability rights advocates",0.409321656271068,0.0651122975403422,0.281701553091998,0.536941759450139
"natl ctr for lesbian rights",0.411684262824432,0.0664059987843904,0.281528505207027,0.541840020441837
"asian american legal defense and education fund",0.413129162069819,0.0857228005545085,0.245112472982983,0.581145851156656
"people for the american way fdn",0.420761936881983,0.0648657801853742,0.293625007718649,0.547898866045316
"natl assn of social workers",0.426236061323871,0.0696241911218052,0.289772646725133,0.562699475922609
"march for our lives action fund",0.42632804623134,0.0898658484486322,0.250190983272021,0.602465109190659
"natl org for women fdn",0.427847131373334,0.0719597597556037,0.286806002252351,0.568888260494317
"natl council of jewish women",0.434929186751484,0.0640811847076562,0.309330064724478,0.560528308778491
"american atheists",0.436020960595037,0.0709340919490376,0.296990140374923,0.57505178081515
"ctr for inquiry",0.437809378803173,0.0732515039123431,0.294236431134981,0.581382326471366
"giffords law ctr to prevent gun violence",0.460426615723081,0.082511260339527,0.298704545457608,0.622148685988553
"american fed of teachers",0.467376207378539,0.0679228204378895,0.334247479320276,0.600504935436803
"latinojustice prldef",0.472851726242298,0.0788591559928983,0.318287780496217,0.627415671988378
"freedom from religion fdn",0.473251702157924,0.0719689175739053,0.33219262371307,0.614310780602778
"american college of physicians",0.475525287117557,0.0895320140804665,0.300042539519843,0.651008034715272
"aarp fdn",0.489790117769191,0.0933071460807738,0.306908111450874,0.672672124087508
"aarp",0.48979219224581,0.085040255031014,0.323113292385023,0.656471092106597
"natl assn of counties",0.492286894945679,0.117386231475557,0.262209881253587,0.722363908637771
"natl education assn",0.494169089991757,0.0750927933637968,0.346987214998716,0.641350964984799
"american medical assn",0.494667558411645,0.0908010160938904,0.31669756686762,0.67263754995567
"public citizen fdn",0.50283391679762,0.152810954794968,0.203324445399484,0.802343388195756
"natl employment law project",0.508012722961503,0.0744989649493766,0.361994751660725,0.654030694262281
"american academy of pediatrics",0.51792179114997,0.0820146238241067,0.357173128454721,0.67867045384522
"democracy 21",0.523752647930346,0.127741327191251,0.273379646635494,0.774125649225198
"american bar assn",0.524426830115277,0.0826609774029678,0.36241131440546,0.686442345825094
"citizens for responsibility and ethics in washington",0.526977267087091,0.138137650206826,0.256227472681712,0.79772706149247
"campaign legal ctr",0.527935194710178,0.11429517508831,0.30391665153709,0.751953737883267
"intl municipal lawyers assn",0.528524313240762,0.121231062933061,0.290911429891963,0.766137196589561
"service employees intl union",0.528948506810442,0.0735247954685624,0.384839907692059,0.673057105928824
"leadership conference on civil and human rights",0.530619874193822,0.0907161532378908,0.352816213847556,0.708423534540088
"american fed of labor and congress of industrial org",0.536615446435112,0.104230271747781,0.332324113809461,0.740906779060763
"public justice",0.538421890444987,0.0972779863165113,0.347757037264624,0.729086743625349
"american assn for justice",0.550681515516584,0.120179157799392,0.315130366229775,0.786232664803393
"natl women’s law ctr",0.551329966948596,0.0781469445982362,0.398161955536053,0.704497978361139
"intl city/county management assn",0.571182785295369,0.100366331312488,0.374464775922892,0.767900794667846
"common cause",0.571554487311514,0.112985318084039,0.350103263866797,0.793005710756231
"natl league of cities",0.579800573739786,0.108485085986719,0.367169805205817,0.792431342273754
"constitutional accountability ctr",0.580694879819616,0.118452618370787,0.348527747812875,0.812862011826358
"league of women voters of the united states",0.601455416697301,0.0957354536165021,0.413813927608957,0.789096905785645
"u.s. conference of mayors",0.621273838623022,0.0929813292493492,0.439030433294298,0.803517243951747
"lawyers’ comm for civil rights under law",0.656039929178649,0.0847717371414858,0.489887324381336,0.822192533975961
"public citizen",0.751528918697612,0.0970728813952372,0.561266071162947,0.941791766232277
