case_names,case_id,year
18_766,0,18
18_1521,1,18
23_819,2,23
19_511,3,19
20_1531,4,20
23_727,5,23
22_200,6,22
19_357,7,19
23_753,8,23
21_1599,9,21
19_1231,10,19
18_1451,11,18
19_292,12,19
23_156,13,23
19_841,14,19
19_547,15,19
20_827,16,20
23_926,17,23
24_109,18,24
20_928,19,20
21_499,20,21
21_234,21,21
18_6135,22,18
22_842,23,22
19_676,24,19
22_824,25,22
18_726,26,18
22_1165,27,22
23_876,28,23
18_18,29,18
24_316,30,24
23_344,31,23
21_377,32,21
20_255,33,20
19_416,34,19
23_1039,35,23
20_1778,36,20
18_5924,37,18
22_1125,38,22
23_852,39,23
24_354,40,24
24_43,41,24
23_970,42,23
21_707,43,21
21_1557,44,21
19_1461,45,19
22_884,46,22
21_1496,47,21
21_779,48,21
18_556,49,18
18_1028,50,18
20_303,51,20
22_800,52,22
18_12,53,18
23_997,54,23
18_944,55,18
21_1239,56,21
18_1334,57,18
22_96,58,22
20_1375,59,20
22_9,60,22
21_802,61,21
19_1173,62,19
18_956,63,18
21_145,64,21
22_447,65,22
19_67,66,19
18_451,67,18
22_674,68,22
21_563,69,21
22_913,70,22
19_373,71,19
21_328,72,21
21_118,73,21
18_1233,74,18
20_1069,75,20
19_840,76,19
23_1276,77,23
22_1219,78,22
20_326,79,20
22_179,80,22
24_568,81,24
23_583,82,23
23_13,83,23
18_776,84,18
19_168,85,19
19_1078,86,19
19_847,87,19
23_1270,88,23
18_1150,89,18
20_54,90,20
19_454,91,19
21_1326,92,21
18_302,93,18
21_241,94,21
22_1208,95,22
23_274,96,23
18_824,97,18
18_389,98,18
21_57,99,21
20_297,100,20
23_191,101,23
21_1394,102,21
22_1078,103,22
20_1034,104,20
21_1284,105,21
20_437,106,20
23_51,107,23
20_138,108,20
18_525,109,18
22_429,110,22
20_1223,111,20
21_1195,112,21
23_935,113,23
18_1578,114,18
22_204,115,22
22_138,116,22
18_54,117,18
21_1087,118,21
18_15,119,18
23_3,120,23
21_800,121,21
24_319,122,24
18_1019,123,18
18_882,124,18
20_1693,125,20
22_105,126,22
19_1261,127,19
19_1458,128,19
19_251,129,19
19_508,130,19
19_430,131,19
20_276,132,20
23_235,133,23
19_1401,134,19
20_1019,135,20
18_1165,136,18
18_450,137,18
22_331,138,22
23_133,139,23
22_324,140,22
19_423,141,19
19_309,142,19
21_463,143,21
18_588,144,18
23_719,145,23
19_46,146,19
18_280,147,18
18_1015,148,18
18_1116,149,18
20_18,150,20
19_897,151,19
18_587,152,18
19_1009,153,19
22_1130,154,22
20_1650,155,20
20_107,156,20
21_541,157,21
24_396,158,24
19_863,159,19
21_442,160,21
23_74,161,23
23_170,162,23
18_84,163,18
21_1043,164,21
19_431,165,19
20_1573,166,20
19_1029,167,19
23_477,168,23
18_589,169,18
21_376,170,21
18_485,171,18
19_688,172,19
24_203,173,24
24_350,174,24
23_833,175,23
22_1080,176,22
22_704,177,22
21_69,178,21
23_1150,179,23
20_443,180,20
24_756,181,24
21_380,182,21
18_1538,183,18
21_1333,184,21
18_422,185,18
24_718,186,24
18_1195,187,18
19_635,188,19
19_715,189,19
18_966,190,18
23_450,191,23
19_1066,192,19
23_939,193,23
21_1405,194,21
24_657,195,24
23_217,196,23
22_193,197,22
23_50,198,23
22_227,199,22
24_38,200,24
20_569,201,20
18_663,202,18
22_942,203,22
22_58,204,22
19_1434,205,19
22_976,206,22
17_1623,207,17
18_359,208,18
18_1259,209,18
22_1178,210,22
20_157,211,20
19_1189,212,19
24_7,213,24
18_1171,214,18
22_1008,215,22
18_355,216,18
18_6210,217,18
18_217,218,18
22_448,219,22
24_44,220,24
21_6001,221,21
20_1199,222,20
18_916,223,18
18_926,224,18
20_5904,225,20
23_713,226,23
19_1199,227,19
24_297,228,24
24_422,229,24
24_656,230,24
19_1258,231,19
22_741,232,22
20_1149,233,20
23_392,234,23
19_71,235,19
21_164,236,21
19_1241,237,19
23_1324,238,23
23_1084,239,23
23_1050,240,23
22_888,241,22
22_340,242,22
22_529,243,22
23_270,244,23
23_329,245,23
19_247,246,19
20_1780,247,20
21_1397,248,21
22_190,249,22
20_1088,250,20
23_910,251,23
21_454,252,21
18_9399,253,18
19_679,254,19
20_1678,255,20
18_546,256,18
22_1199,257,22
23_171,258,23
22_451,259,22
19_368,260,19
21_159,261,21
20_559,262,20
23_927,263,23
22_506,264,22
21_1052,265,21
18_881,266,18
18_300,267,18
23_80,268,23
18_1109,269,18
20_318,270,20
23_601,271,23
18_1514,272,18
24_71,273,24
21_440,274,21
22_865,275,22
22_42,276,22
20_1434,277,20
19_439,278,19
20_812,279,20
22_131,280,22
20_979,281,20
23_1002,282,23
23_411,283,23
21_378,284,21
22_174,285,22
18_481,286,18
21_1143,287,21
19_670,288,19
21_348,289,21
22_816,290,22
18_1023,291,18
20_37,292,20
23_334,293,23
18_609,294,18
20_579,295,20
21_1084,296,21
18_1539,297,18
23_947,298,23
19_968,299,19
18_307,300,18
18_315,301,18
20_5579,302,20
21_309,303,21
20_1374,304,20
23_367,305,23
24_151,306,24
18_719,307,18
21_429,308,21
18_900,309,18
19_1039,310,19
22_1095,311,22
23_975,312,23
22_148,313,22
20_659,314,20
18_1460,315,18
20_1163,316,20
22_807,317,22
20_1334,318,20
22_393,319,22
19_255,320,19
20_1474,321,20
20_510,322,20
18_212,323,18
21_12,324,21
20_440,325,20
23_1137,326,23
22_535,327,22
19_1388,328,19
20_1410,329,20
20_366,330,20
24_410,331,24
23_1141,332,23
20_219,333,20
18_801,334,18
21_887,335,21
20_1029,336,20
24_539,337,24
22_1025,338,22
24_587,339,24
24_373,340,24
18_106,341,18
21_806,342,21
19_1414,343,19
18_483,344,18
18_1587,345,18
18_96,346,18
21_1100,347,21
23_807,348,23
23_1231,349,23
18_573,350,18
22_349,351,22
19_369,352,19
22_111,353,22
22_915,354,22
23_952,355,23
23_1239,356,23
19_296,357,19
21_757,358,21
19_783,359,19
23_1275,360,23
20_216,361,20
24_156,362,24
21_846,363,21
22_30,364,22
23_175,365,23
18_1038,366,18
20_257,367,20
22_859,368,22
23_179,369,23
18_540,370,18
19_546,371,19
19_832,372,19
19_1418,373,19
23_1323,374,23
20_982,375,20
21_144,376,21
23_365,377,23
23_124,378,23
20_1639,379,20
20_782,380,20
21_537,381,21
23_1280,382,23
23_178,383,23
22_592,384,22
21_187,385,21
19_453,386,19
20_1507,387,20
19_5807,388,19
18_1584,389,18
24_154,390,24
21_869,391,21
22_1074,392,22
19_930,393,19
21_264,394,21
18_86,395,18
22_95,396,22
20_1599,397,20
18_9526,398,18
19_1257,399,19
20_828,400,20
24_449,401,24
20_843,402,20
21_1550,403,21
23_785,404,23
21_954,405,21
21_147,406,21
18_1455,407,18
24_361,408,24
20_915,409,20
24_90,410,24
18_349,411,18
18_547,412,18
24_110,413,24
21_972,414,21
24_291,415,24
19_631,416,19
22_52,417,22
20_1212,418,20
22_166,419,22
21_1017,420,21
20_637,421,20
18_1293,422,18
18_1173,423,18
20_1066,424,20
20_427,425,20
19_767,426,19
23_621,427,23
18_1287,428,18
22_611,429,22
17_1618,430,17
22_899,431,22
21_1449,432,21
18_837,433,18
23_1007,434,23
19_123,435,19
23_1189,436,23
20_1501,437,20
19_831,438,19
20_1499,439,20
22_720,440,22
22_1160,441,22
18_1475,442,18
21_1168,443,21
24_530,444,24
22_665,445,22
23_1127,446,23
19_825,447,19
20_1114,448,20
19_221,449,19
19_267,450,19
23_1155,451,23
19_438,452,19
24_5381,453,24
21_1263,454,21
18_1062,455,18
20_334,456,20
19_402,457,19
20_804,458,20
22_23,459,22
18_107,460,18
20_1214,461,20
21_248,462,21
19_7,463,19
21_86,464,21
21_588,465,21
20_222,466,20
19_333,467,19
20_1530,468,20
18_1501,469,18
18_1496,470,18
18_1516,471,18
21_418,472,21
18_324,473,18
21_1463,474,21
21_432,475,21
23_726,476,23
19_348,477,19
19_899,478,19
22_815,479,22
19_988,480,19
21_5592,481,21
18_1323,482,18
23_941,483,23
20_603,484,20
21_1271,485,21
19_963,486,19
23_5572,487,23
19_675,488,19
20_1158,489,20
21_1019,490,21
19_66,491,19
18_843,492,18
20_426,493,20
24_57,494,24
21_468,495,21
19_1452,496,19
22_1222,497,22
22_277,498,22
21_783,499,21
22_555,500,22
19_1184,501,19
20_1598,502,20
24_427,503,24
22_388,504,22
20_103,505,20
19_1269,506,19
19_404,507,19
19_5410,508,19
24_394,509,24
23_1122,510,23
23_236,511,23
24_437,512,24
18_260,513,18
21_1194,514,21
19_760,515,19
19_1212,516,19
20_38,517,20
19_1019,518,19
20_315,519,20
19_756,520,19
20_1800,521,20
19_1392,522,19
18_1437,523,18
22_585,524,22
22_660,525,22
24_20,526,24
20_1786,527,20
21_476,528,21
24_435,529,24
20_902,530,20
18_877,531,18
23_1197,532,23
21_1086,533,21
