group_names,group_id
alliance defending freedom,0
assn of jesuit colleges and universities,1
men of reform judaism,2
natl veterans legal services program,3
billy graham evangelistic assn,4
roughrider policy ctr,5
hp,6
illinois coalition against domestic violence,7
natl alliance to end sexual violence,8
ctr for american liberty,9
natl assn of college and university business officers,10
mountain states policy ctr,11
colorado women’s bar assn,12
women employed,13
dra entities,14
consumer bankers assn,15
women’s bar assn of the state of new york,16
legal aid justice ctr,17
prolife ctr at the university of st. thomas,18
public justice,19
honest elections project,20
andrew goodman fdn,21
family equality,22
anglicans for life,23
securities industry and financial markets assn,24
mount holyoke college,25
tennessee firearms fdn,26
women’s law project,27
catholic legal immigration network,28
matthew shepard fdn,29
equality california,30
intl soc for krishna consciousness,31
aarp,32
hindu american fdn,33
in our own voice: natl black women’s reproductive justice agenda,34
natl league of cities,35
landmark legal fdn,36
authors guild,37
natl ctr for transgender equality,38
erisa industry comm,39
christian family coalition (cfc) florida,40
computer and communications industry assn,41
women’s bar assn of the district of columbia,42
criminal justice legal fdn,43
natl assn of criminal defense lawyers,44
mississippi ctr for justice,45
new york legal assistance grp,46
defense of freedom inst for policy studies,47
maine women’s lobby,48
natl assn of manufacturers,49
better markets,50
nike,51
american family assn,52
firearms policy fdn,53
louis d. brandeis ctr for human rights under law,54
verizon services,55
copyright alliance,56
disabled american veterans,57
innocence project,58
inst for free speech,59
natl assn of student financial aid administrators,60
natl right to life comm,61
niskanen ctr,62
aarp fdn,63
pricewaterhousecoopers llp,64
ethics and public policy ctr,65
tesla,66
progress florida,67
meta platforms,68
public counsel,69
restore the fourth,70
oca-asian pacific american advocates,71
natl district attorneys assn,72
intellectual property law assn of chicago,73
org of american historians,74
minkwon ctr for community action,75
natl inst of family and life advocates,76
viiv healthcare company,77
washington lawyers’ comm for civil rights and urban affairs,78
population connection action fund,79
natl network of abortion funds,80
giffords law ctr to prevent gun violence,81
natl coalition against censorship,82
natl queer asian pacific islander alliance,83
texas public policy fdn,84
central conference of american rabbis,85
internet assn,86
kentucky assn of sexual assault programs,87
ctia-the wireless assn,88
america’s health insurance plans,89
government finance officers assn,90
lambda legal defense and education fund,91
northwest immigrant rights project,92
arab american inst,93
campaign legal ctr,94
equal rights advocates,95
intl trademark assn,96
california women lawyers,97
new york intellectual property law assn,98
service women’s action network,99
college and university professional assn for human resources,100
anti-defamation league,101
citizens comm for the right to keep and bear arms,102
wasc senior college and university commission,103
chamber of commerce of the united states of america,104
public advocacy for kids,105
american intellectual property law assn,106
maryland family inst,107
independence inst,108
natl assn of counsel for children,109
council for christian colleges and universities,110
reporters comm for freedom of the press,111
chamber of progress,112
north carolina justice ctr,113
american values,114
natl women’s political caucus,115
illinois family inst,116
league of women voters of the united states,117
natl rural electric cooperative assn,118
agudath israel of america,119
religious coalition for reproductive choice,120
yankee inst,121
americans for limited government,122
american petroleum inst,123
natl apartment assn,124
ctr for constitutional jurisprudence,125
pregnancy justice,126
evangelical lutheran church in america,127
america’s future,128
natl hispanic media coalition,129
protect the 1st,130
authors alliance,131
paypal,132
natl assn for college admission counseling,133
women with a vision,134
we testify,135
engine advocacy,136
levi strauss and co.,137
new civil liberties alliance,138
assn for accessible medicines,139
competitive enterprise inst,140
ctr for democracy and technology,141
law enforcement legal defense fund,142
southwest women’s law ctr,143
american farm bureau fed,144
lonang inst,145
american free enterprise chamber of commerce,146
natl foreign trade council,147
dignityusa,148
refugee and immigrant ctr for education and legal services,149
jewish council for public affairs,150
american encore,151
realnetworks,152
natl rifle assn of america,153
microsoft corporation,154
uber technologies,155
coalition for humane immigrant rights,156
assn of american publishers,157
natl latina inst for reproductive justice,158
general council of the assemblies of god,159
latin america working grp,160
netchoice,161
people for the american way fdn,162
land ctr for cultural engagement,163
natl urban league,164
life legal defense fdn,165
amherst college,166
american council on education,167
natl collegiate athletic assn,168
natl right to work legal defense fdn,169
consumer fed of america,170
transgender law ctr,171
christian brothers university,172
fairness ctr,173
salesforce.com,174
asian american legal defense and education fund,175
second amendment fdn,176
family fdn (virginia),177
democrats for life,178
equally american legal defense and education fund,179
dkt liberty project,180
paralyzed veterans of america,181
western states sheriffs’ assn,182
family action council of tennessee,183
american atheists,184
wyoming mining assn,185
sexual violence prevention assn,186
america first policy inst,187
utah mining assn,188
second amendment law ctr,189
public citizen,190
northwest health law advocates,191
church of god in christ,192
juvenile law ctr,193
presidential coalition,194
massachusetts law reform inst,195
wisconsin inst for law and liberty,196
dri ctr for law and public policy,197
natl african american gun assn,198
natl domestic violence hotline,199
independent women’s law ctr,200
government accountability project,201
everthrive illinois,202
council for advancement and support of education,203
women’s liberation front,204
human rights campaign,205
equal protection project,206
natl assn of independent colleges and universities,207
japanese american citizens league,208
american academy of nursing,209
thumbtack,210
orthodox jewish chamber of commerce,211
jewish women intl,212
new jersey family fdn,213
natl medical assn,214
starbucks corporation,215
men and women for a representative democracy in america,216
natl assn of home builders,217
macalester college,218
rights watch intl,219
mozilla corporation,220
60 plus assn,221
johnson controls,222
american assn of christian schools,223
natl religious broadcasters,224
biotechnology innovation org,225
natl immigration project of the natl lawyers guild,226
apple,227
family fdn,228
freedom fdn,229
media law resource ctr,230
public knowledge,231
women lawyers assn of los angeles,232
tennessee firearms assn,233
first nations women’s alliance,234
justice in aging,235
rabbinical council of america,236
dri-the voice of the defense bar,237
beacon ctr of tennessee,238
american assn of state colleges and universities,239
hamilton college,240
software and information industry assn,241
information technology industry council,242
united synagogue of conservative judaism,243
american bar assn,244
quixote ctr,245
natl consumer law ctr,246
independent women’s forum,247
natl council on independent living,248
phi beta kappa,249
california rifle and pistol assn,250
advancement project,251
judicial watch,252
natl assn of diversity officers in higher education,253
natl assn of women lawyers,254
workers circle,255
children’s defense fund,256
women of reform judaism,257
lyft,258
advocates for youth,259
stand for georgia values action,260
american hospital assn,261
american humanist assn,262
naspa-student affairs administrators in higher education,263
natl cattlemen’s beef assn,264
natl press photographers assn,265
justice for migrant women,266
womxn project,267
women’s alliance for theology ethics and ritual,268
president of the house of deputies of the episcopal church,269
technet,270
vietnam veterans of america,271
women lawyers on guard,272
american medical assn,273
natl ctr for lesbian rights,274
assn of christian schools intl,275
torah umesorah,276
american psychiatric assn,277
american immigration lawyers assn,278
natl justice for our neighbors,279
american civil liberties union,280
samaritan’s purse,281
church of jesus christ of latter-day saints,282
famm,283
tradition family property,284
gun owners of america,285
afiya ctr,286
american library assn,287
wisconsin coalition against sexual assault,288
liberty counsel,289
free speech defense and education fund,290
haverford college,291
catholic charities usa,292
goldwater inst,293
transgender legal defense and education fund,294
interfaith alliance,295
california state sheriffs’ assn,296
rocky mountain immigrant advocacy network,297
american assn of people with disabilities,298
leukemia and lymphoma soc,299
judge david l. bazelon ctr for mental health law,300
bank policy inst,301
natl assn for gun rights,302
immigrant law ctr of minnesota,303
natl police accountability project,304
tea party patriots action,305
american medical women’s assn,306
natl legal fdn,307
natl parks conservation assn,308
catholic medical assn,309
natl council of young israel,310
natl abortion fed,311
natl lgbtq task force,312
natl apostolic christian leadership conference,313
american target advertising,314
battered women’s justice project,315
karamah: muslim women lawyers for human rights,316
natl taxpayers union fdn,317
child usa,318
connecticut citizens defense league,319
natl council of jewish women,320
league of california cities,321
disability rights advocates,322
natl retail fed,323
students for life of america,324
americans for prosperity fdn,325
american academy of family physicians,326
james dobson family inst,327
loyola university of chicago,328
ustelecom-the broadband assn,329
muslim advocates,330
heartbeat intl,331
council on american-islamic relations,332
wikimedia fdn,333
desiree alliance,334
first amendment lawyers assn,335
legal aid soc,336
physicians for reproductive health,337
ctr for urban renewal and education,338
first focus on children,339
natl consumers league,340
twitter,341
electronic privacy information ctr,342
employee rights advocacy inst for law and policy,343
arc of the united states,344
immigrant legal resource ctr,345
neighborhood defender service of harlem,346
assn of american colleges and universities,347
natl women’s law ctr,348
american islamic congress,349
madison soc fdn,350
natl trans bar assn,351
natl disability rights network,352
global liberty alliance,353
idaho freedom fdn,354
pelican inst for public policy,355
mental health america,356
ethics and religious liberty commission of the southern baptist convention,357
9to5 natl assn of working women,358
cummins,359
retail litigation ctr,360
mackinac ctr for public policy,361
soc of general internal medicine,362
bend the arc: a jewish partnership for justice,363
care net,364
natl fdn for gun rights,365
physicians for human rights,366
amnesty intl,367
american assn of university women,368
vimeo,369
american college of pediatricians,370
high tech inventors alliance,371
texas impact,372
assn for community affiliated plans,373
t’ruah: the rabbinic call for human rights,374
global justice ctr,375
floor64 d/b/a the copia inst,376
impact fund,377
delaware family policy council,378
atlanta women for equality,379
natl hispanic medical assn,380
california gun rights fdn,381
natl assn of realtors®,382
muslim public affairs council,383
atlantic legal fdn,384
project on fair representation,385
charlotte lozier inst,386
cause of action inst,387
owners’ counsel of america,388
citizens united fdn,389
natl org of veterans’ advocates,390
pen american ctr,391
new ways ministry,392
montana coalition against domestic and sexual violence,393
connecticut college,394
inst for justice,395
assn of the bar of the city of new york,396
r street inst,397
farmworker justice,398
lawyers for civil rights,399
manhattan inst,400
orthodox church in america,401
california state assn of counties,402
intel corporation,403
american benefits council,404
american bankers assn,405
barnard college,406
federal circuit bar assn,407
news media alliance,408
rabbinical assembly,409
autistic women and nonbinary network,410
natl ctr for law and economic justice,411
biogen,412
american civil rights project,413
pflag,414
freedom from religion fdn,415
legal aid at work,416
california constitutional rights fdn,417
blue cross blue shield assn,418
tntp,419
new york civil liberties union,420
ctr for inquiry,421
natl assn of wholesaler-distributors,422
american conservative union fdn,423
native women’s soc of the great plains,424
soc of family planning,425
power to decide,426
bucknell university,427
project for privacy and surveillance accountability,428
feminist women’s health ctr,429
ctr for reproductive rights,430
general conference of seventh-day adventists,431
kansas coalition against sexual and domestic violence,432
services immigrant rights and education network,433
ctr for responsible lending,434
clearinghouse on women’s issues,435
reason fdn,436
american psychological assn,437
natl assn of federal defenders,438
ctr for american progress,439
colby college,440
san francisco apartment assn,441
freedom of the press fdn,442
first liberty inst,443
natl congress of american indians,444
washington legal fdn,445
natl mining assn,446
feminist majority fdn,447
sanctuary for families,448
alaska family council,449
associated general contractors of america,450
pfizer,451
american assn of university professors,452
americans united for separation of church and state,453
glbtq legal advocates and defenders,454
human rights watch,455
brennan ctr for justice at nyu school of law,456
operation outcry women injured by abortion,457
natl treasury employees union,458
california apartment assn,459
amac action,460
linkedin corporation,461
natl assn of parents d/b/a parentsusa,462
natl workrights inst,463
natl assn for the advancement of colored people,464
trillium asset management,465
amazon.com,466
council for opportunity in education,467
inst for faith and family,468
southern poverty law ctr,469
world vision,470
council of graduate schools,471
fitzgerald griffin fdn,472
self-help credit union,473
florence immigrant and refugee rights project,474
community legal services in east palo alto,475
state and local legal ctr,476
black alliance for just immigration,477
intl municipal lawyers assn,478
american sexual health assn,479
knight first amendment inst at columbia university,480
hr policy assn,481
california peace officers’ assn,482
bryn mawr college,483
citizens equal rights fdn,484
assn of governing boards of universities and colleges,485
naral pro-choice america,486
american fed of teachers,487
naacp,488
nebraska family alliance,489
intl city/county management assn,490
upper midwest law ctr,491
institutional religious freedom alliance,492
virgin islands bar assn,493
assn of american physicians and surgeons,494
aasa the school superintendents assn,495
middlebury college,496
louisiana family forum,497
natl republican redistricting trust,498
waking women healing inst,499
immigrant defense project,500
natl black justice coalition,501
educause,502
priests for life,503
information technology and innovation fdn,504
world faith fdn,505
intl assn of defense counsel,506
firearms policy coalition,507
project 21 black leadership network,508
catholics count,509
inner life fund,510
keshet,511
leadership conference education fund,512
setting things right,513
americans united for life,514
new mexico mining assn,515
pacific legal fdn,516
individual rights fdn,517
gun owners fdn,518
electronic frontier fdn,519
american academy of pediatrics,520
alliance for automotive innovation,521
pharmaceutical research and manufacturers of america,522
grass roots north carolina,523
shriver ctr on poverty law,524
one nation under god fdn,525
robertson ctr for constitutional law,526
american assn of senior citizens,527
march for life education and defense fund,528
allied educational fdn,529
naacp legal defense and educational fund,530
bowdoin college,531
siecus: sex ed for social change,532
unidosus,533
l.a. care health plan,534
central american resource ctr of northern ca-carecen sf,535
natl fed of independent business small business legal ctr,536
developers alliance,537
american constitutional rights union,538
christian medical and dental assn,539
intl brotherhood of teamsters,540
civil justice assn of california,541
college board,542
act | the app assn,543
women’s medical fund,544
democracy 21,545
pacific justice inst,546
asylum seeker advocacy project,547
jccwatch.org,548
general synod of the united church of christ,549
natl inst for reproductive health,550
mortgage bankers assn,551
family policy alliance,552
wisconsin family action,553
tripadvisor,554
article 19: global campaign for free expression,555
alianza americas,556
autistic self advocacy network,557
leadership inst,558
immigrant defenders law ctr,559
american fuel and petrochemical manufacturers,560
freedom to read fdn,561
carnegie mellon university,562
network lobby for catholic social justice,563
u.s. constitutional rights legal defense fund,564
procter and gamble company,565
afa action,566
american assn of community colleges,567
natl assn of elementary school principals,568
catholics for choice,569
alaska family action,570
women for democracy in america,571
if/when/how: lawyering for reproductive justice,572
america’s essential hospitals,573
islam and religious freedom action team of the religious freedom inst,574
american hindu coalition,575
queens fed of churches,576
jews for the preservation of firearms ownership,577
natl school boards assn,578
natl assn of social workers,579
natl employment lawyers assn,580
american gas assn,581
intl mayan league,582
intl refugee assistance project,583
citizens for responsibility and ethics in washington,584
nc values inst,585
postmates,586
intl law enforcement educators and trainers assn,587
constitution party natl comm,588
natl catholic bioethics ctr,589
assn of mature american citizens,590
comm for justice,591
intl ctr for law and economics,592
mountain states legal fdn,593
credit union natl assn,594
constitutional accountability ctr,595
kansas family voice,596
sikh coalition,597
main street alliance,598
senior citizens league,599
north carolina values coalition,600
human rights first,601
american gateways,602
mastercard,603
due process inst,604
natl assn of nurse practitioners in women’s health,605
ujima: natl ctr on violence against women in the black community,606
teach for america,607
middle states commission on higher education,608
baptist joint comm for religious liberty,609
family inst of connecticut action,610
idaho family policy ctr,611
assn of public and land-grant universities,612
catholicvote.org,613
hispanic fed,614
woodhull freedom fdn,615
cato inst,616
public citizen fdn,617
asian americans advancing justice | aajc,618
common cause,619
lawyers’ comm for civil rights under law,620
union for reform judaism,621
concerned women for america,622
glma: health professionals advancing lgbtq equality,623
nurses for sexual and reproductive health,624
alabama ctr for law and liberty,625
ultraviolet,626
asian and pacific islander american health forum,627
young ctr for immigrant children’s rights,628
medical students for choice,629
natl family planning and reproductive health assn,630
american assn for justice,631
coalition for litigation justice,632
american-arab anti-discrimination comm,633
mountain states legal fdn’s ctr to keep and bear arms,634
ctr for political renewal,635
planned parenthood fed of america,636
google,637
american legislative exchange council,638
southeastern legal fdn,639
small property owners of san francisco inst,640
advocates for human rights,641
guttmacher inst,642
edison electric inst,643
bay area lawyers for individual freedom,644
anglican church in north america,645
match grp,646
natl women’s health network,647
citizens united,648
modern military assn of america,649
america first legal fdn,650
black women’s health imperative,651
fdn for individual rights in education,652
natl lgbt bar assn,653
wagner faith and freedom ctr,654
liberty justice ctr,655
natl crittenton,656
american fed of labor and congress of industrial org,657
hispanic assn of colleges and universities,658
young america’s fdn,659
natl capacd-natl coalition for asian pacific american community development,660
lawyers democracy fund,661
minority veterans of america,662
safe horizon,663
human coalition,664
advancing american freedom,665
clare boothe luce ctr for conservative women,666
service employees intl union,667
family council in arkansas,668
zionist org of america,669
assn of research libraries,670
natl sheriffs’ assn,671
natl fed of the blind,672
unitarian universalist assn,673
hawaii family forum,674
congressional prayer caucus fdn,675
asian pacific inst on gender-based violence,676
coalition of labor union women,677
rhode island ctr for freedom and prosperity,678
oxfam america,679
fdn for government accountability,680
council of independent colleges,681
ctr for law and social policy,682
missouri ctr-right coalition,683
natl assn of clean water agencies,684
women’s law ctr of maryland,685
christians engaged,686
natl assn of counties,687
parents defending education,688
youth rights and justice,689
natl org for women fdn,690
faith and freedom coalition,691
texas values,692
natl assn of scholars,693
ctr for constitutional rights,694
american historical assn,695
natl asian pacific american bar assn,696
american property casualty insurance assn,697
oklahoma call for reproductive justice,698
american jewish comm,699
defenders of wildlife,700
natl immigration litigation alliance,701
fpc action fdn,702
republican natl comm,703
u.s. conference of mayors,704
natl whistleblower ctr,705
hadassah the women’s zionist org of america,706
military-veterans advocacy,707
glaxosmithkline,708
legal voice,709
buckeye inst,710
aclu of puerto rico,711
univision communications,712
natl conference of state legislatures,713
northrop grumman corporation,714
franklin and marshall college,715
natl equality action team,716
american indian higher education consortium,717
evangelical council for financial accountability,718
lutheran church-missouri synod,719
intl conference of evangelical chaplain endorsers,720
brady ctr to prevent gun violence,721
reproaction,722
young conservatives of texas,723
american tort reform assn,724
american college of nurse-midwives,725
kwh law ctr for social justice and change,726
american assn of pro-life obstetricians and gynecologists,727
natl ctr on domestic and sexual violence,728
natl ctr for public policy research,729
carleton college,730
justice fdn,731
american speech-language-hearing assn,732
citizen action defense fund,733
veterans of foreign wars of the united states,734
soc for maternal-fetal medicine,735
sisterreach,736
local government legal ctr,737
downsize dc.org,738
techfreedom,739
demos,740
gender justice,741
turo,742
jewish coalition for religious liberty,743
new england legal fdn,744
tahirih justice ctr,745
reproductive health access project,746
urge: unite for reproductive and gender equity,747
dēmos,748
christian legal soc,749
natl partnership for women and families,750
yelp,751
natl jewish commission on law and public affairs,752
ctr for equal opportunity,753
freedom x,754
policy analysis ctr,755
california police chiefs assn,756
virginia citizens defense league,757
jewish war veterans of the united states of america,758
natl assn of evangelicals,759
american ctr for law and justice,760
united farm workers of america,761
brooklyn defender services,762
tribal law and policy inst,763
assn of american railroads,764
conservative legal defense and education fund,765
american cornerstone inst,766
american immigration council,767
rio grande fdn,768
natl assn for public defense,769
union of orthodox jewish congregations of america,770
product liability advisory council,771
disability rights education and defense fund,772
act,773
roderick and solange macarthur justice ctr,774
virginia sexual and domestic violence action alliance,775
equal justice soc,776
ywca usa,777
immigration reform law inst,778
unified patents,779
palmetto promise inst,780
muslims for progressive values,781
western states petroleum assn,782
united states conference of catholic bishops,783
american public health assn,784
business roundtable,785
positive women’s network-usa,786
law enforcement action partnership,787
american principles project,788
natl immigrant justice ctr,789
march for our lives action fund,790
natural resources defense council,791
reconstructionist rabbinical assn,792
family research council,793
latinojustice prldef,794
restaurant law ctr,795
heller fdn,796
natl indigenous women’s resource ctr,797
seattle indian health board,798
natl immigration law ctr,799
intellectual property owners assn,800
natl ctr for youth law,801
catholic assn fdn,802
free speech coalition,803
partnership for working families,804
natl health law program,805
restoring liberty action comm,806
natl shooting sports fdn,807
natl assn of consumer advocates,808
american financial services assn,809
public advocate of the united states,810
natl coalition against domestic violence,811
poverty and race research action council,812
asian pacific american labor alliance,813
cisco systems,814
knights of columbus,815
thomas more soc,816
susan b. anthony list,817
taxpayers against fraud education fund,818
natl coalition on black civic participation,819
natl employment law project,820
hamilton lincoln law inst,821
fdn for individual rights and expression,822
rutherford inst,823
becket fund for religious liberty,824
asian law alliance,825
coalition for jewish values,826
frontline policy council,827
ctr for workplace compliance,828
minnesota family council,829
men for life,830
fdn for moral law,831
leadership conference on civil and human rights,832
moms for liberty,833
illinois policy inst,834
pinterest,835
intl action network for gender equity and law,836
american thoracic soc,837
ibis reproductive health,838
eagle forum,839
american college of physicians,840
natl education assn,841
civil rights education and enforcement ctr,842
southern coalition for social justice,843
patriotic veterans,844
hispanic natl bar assn,845
protect democracy project,846
assn of american universities,847
gun owners of california,848
workday,849
natl asian pacific american women’s forum,850
greater new york hospital assn,851
marymount university,852
lift louisiana,853
fred t. korematsu ctr for law and equality,854
legal momentum the women’s legal defense and education fund,855
american college of obstetricians and gynecologists,856
bronx defenders,857
protect the first fdn,858
assn of american medical colleges,859
american fed of state county and municipal employees,860
natl network to end domestic violence,861
american cancer soc cancer action network,862
public interest legal fdn,863
