original_name,mapped_name
40 days for life,40 Days for Life
forty days for life,40 Days for Life
60 plus assn,60 Plus Association
60 plus fdn,60 Plus Association
60plus american assn of senior citizens,60 Plus Association
9to5,"9to5, National Association of Working Women"
9to5 natl assn of working women,"9to5, National Association of Working Women"
aasa the school superintendents assn,"AASA, The School Superintendents Association"
aasa the superintendents assn,"AASA, The School Superintendents Association"
aasa-the school superintendents assn,"AASA, The School Superintendents Association"
school superintendents assn,"AASA, The School Superintendents Association"
activism caucus of the assn for women in psychology,Activism Caucus of The Association For Women In Psychology
assn for women in psychology,Activism Caucus of The Association For Women In Psychology
advancement project,Advancement Project
advancement project natl office,Advancement Project
aerospace industries assn,"Aerospace Industries Association of America, Inc."
aerospace industries assn of america,"Aerospace Industries Association of America, Inc."
agudas harabbonim,Agudas Harabbonim
agudas harabonim,Agudas Harabbonim
alameda county public defender,Alameda County Public Defender
alameda county public defenders,Alameda County Public Defender
aldea-the people’s justice ctr,Aldea - The People's Justice Center
aldea-the peoples justice ctr,Aldea - The People's Justice Center
alliance of u.s. startups,Alliance of U.S. Startups & Inventors for Jobs
alliance of u.s. startups and inventors for jobs,Alliance of U.S. Startups & Inventors for Jobs
inventors for jobs,Alliance of U.S. Startups & Inventors for Jobs
america first legal,America First Legal Foundation
america first legal fdn,America First Legal Foundation
america’s health insurance plans,America’s Health Insurance Plans
americas health insurance plans,America’s Health Insurance Plans
american assn of senior citizens,American Association of Senior Citizens
american assn of university women,American Association of University Women
american assn of university women of florida,American Association of University Women
american assn of university women-michigan chapter,American Association of University Women
aclu fdn of arizona,American Civil Liberties Union
aclu fdn of kansas,American Civil Liberties Union
aclu fdn of louisiana,American Civil Liberties Union
aclu fdn of oregon,American Civil Liberties Union
aclu fdn of texas,American Civil Liberties Union
aclu of florida,American Civil Liberties Union
aclu of georgia,American Civil Liberties Union
aclu of idaho,American Civil Liberties Union
aclu of indiana,American Civil Liberties Union
aclu of kentucky fdn,American Civil Liberties Union
aclu of louisiana,American Civil Liberties Union
aclu of michigan,American Civil Liberties Union
aclu of minnesota,American Civil Liberties Union
aclu of new jersey,American Civil Liberties Union
aclu of new mexico,American Civil Liberties Union
aclu of pennsylvania,American Civil Liberties Union
aclu of texas,American Civil Liberties Union
aclu of the district of columbia,American Civil Liberties Union
aclu of washington,American Civil Liberties Union
american civil liberties union,American Civil Liberties Union
american civil liberties union fdn,American Civil Liberties Union
american civil liberties union fdn of arizona,American Civil Liberties Union
american civil liberties union fdn of maine,American Civil Liberties Union
american civil liberties union fdn of maryland,American Civil Liberties Union
american civil liberties union fdn of northern california,American Civil Liberties Union
american civil liberties union fdn of virginia,American Civil Liberties Union
american civil liberties union of alabama,American Civil Liberties Union
american civil liberties union of arizona,American Civil Liberties Union
american civil liberties union of colorado,American Civil Liberties Union
american civil liberties union of florida,American Civil Liberties Union
american civil liberties union of georgia,American Civil Liberties Union
american civil liberties union of illinois,American Civil Liberties Union
american civil liberties union of massachusetts,American Civil Liberties Union
american civil liberties union of michigan,American Civil Liberties Union
american civil liberties union of mississippi,American Civil Liberties Union
american civil liberties union of missouri,American Civil Liberties Union
american civil liberties union of nebraska,American Civil Liberties Union
american civil liberties union of nevada,American Civil Liberties Union
american civil liberties union of north carolina legal fdn,American Civil Liberties Union
american civil liberties union of northern california,American Civil Liberties Union
american civil liberties union of oklahoma,American Civil Liberties Union
american civil liberties union of rhode island,American Civil Liberties Union
american civil liberties union of southern california,American Civil Liberties Union
american civil liberties union of texas,American Civil Liberties Union
american civil liberties union of the district of columbia,American Civil Liberties Union
american civil liberties union of virginia,American Civil Liberties Union
american civil liberties union of washington,American Civil Liberties Union
texas civil liberties union,American Civil Liberties Union
american conservative union and acu fdn,American Conservative Union Foundation
american conservative union fdn,American Conservative Union Foundation
american conservative union fdn nolan ctr for justice,American Conservative Union Foundation
nolan ctr for justice,American Conservative Union Foundation
american family assn,American Family Association
american family assn action,American Family Association
american farm bureau fed,American Farm Bureau Federation
nebraska farm bureau fed,American Farm Bureau Federation
american fed of labor and congress of industrial org,American Federation of Labor and Congress of Industrial Organizations
utah american fed of labor and congress of industrial org,American Federation of Labor and Congress of Industrial Organizations
american fed of state county and municipal employees,"American Federation of State, County and Municipal Employees"
american fed of state county and municipal employees afl-cio,"American Federation of State, County and Municipal Employees"
american fed of teachers,American Federation of Teachers
american fed of teachers (afl-cio),American Federation of Teachers
american fed of teachers afl-cio,American Federation of Teachers
american fuel and petrochemical manufacturers,American Fuel & Petrochemical Manufacturers
american fuels and petrochemical manufacturers assn,American Fuel & Petrochemical Manufacturers
american g.i. forum,American GI Forum
american gi forum,American GI Forum
american gi forum-natl veterans outreach program,American GI Forum
american islamic conference,American Islamic Congress
american islamic congress,American Islamic Congress
american right to life,American Right to Life
colorado right to life,American Right to Life
right to life,American Right to Life
american soc for gastrointestinal endoscopy,American Society of Gastrointestinal Endoscopy
american soc of gastrointestinal endoscopy,American Society of Gastrointestinal Endoscopy
american vape company,"American Vape Company, LLC d/b/a Ludicrous Distro"
american vape company d/b/a ludicrous distro,"American Vape Company, LLC d/b/a Ludicrous Distro"
american vaping manufacturers assn,American Vaping Manufacturers Association
american vapor manufacturers assn,American Vaping Manufacturers Association
americans for immigrant justice,Americans for Immigrant Justice
americans for immigrant justice (ai justice),Americans for Immigrant Justice
americans for limited government,Americans for Limited Government
americans for limited government research fdn,Americans for Limited Government
americans for prosperity,Americans for Prosperity Foundation
americans for prosperity fdn,Americans for Prosperity Foundation
amnesty intl,Amnesty International
amnesty intl usa,Amnesty International
adl (anti-defamation league),Anti-Defamation League
adl (the anti-defamation league),Anti-Defamation League
anti-defamation league,Anti-Defamation League
anti-defamation league of b’nai b’rith,Anti-Defamation League
apartment assn of greater los angeles,"Apartment Association of Los Angeles County, Inc."
apartment assn of los angeles county,"Apartment Association of Los Angeles County, Inc."
apartment assn of los angeles county dba apartment assn of greater los angeles,"Apartment Association of Los Angeles County, Inc."
arizona farm bureau fed,Arizona Farm Bureau Federation
state farm bureau org of arizona,Arizona Farm Bureau Federation
arizona prosecuting attorneys advisory council,Arizona Prosecuting Attorneys’ Advisory Council
arizona prosecuting attorneys’ advisory council,Arizona Prosecuting Attorneys’ Advisory Council
arizona republican party,Arizona Republican Party
republican party of arizona,Arizona Republican Party
article 19,Article 19: Global Campaign for Free Expression
article 19: global campaign for free expression,Article 19: Global Campaign for Free Expression
asian and pacific islander american health forum,Asian & Pacific Islander American Health Forum
asian and pacific islander health forum,Asian & Pacific Islander American Health Forum
aapi youth rising,Asian American Youth Rising (AAPI Youth Rising)
asian american youth rising (aapi youth rising),Asian American Youth Rising (AAPI Youth Rising)
asian americans advancing justice,Asian Americans Advancing Justice | AAJC
asian americans advancing justice | aajc,Asian Americans Advancing Justice | AAJC
asian americans advancing justice southern california,Asian Americans Advancing Justice | AAJC
asian americans advancing justice-aajc,Asian Americans Advancing Justice | AAJC
asian americans advancing justice-asian law caucus,Asian Americans Advancing Justice | AAJC
asian americans advancing justice-atlanta,Asian Americans Advancing Justice | AAJC
asian americans advancing justice-los angeles,Asian Americans Advancing Justice | AAJC
asian americans advancing justice-southern california,Asian Americans Advancing Justice | AAJC
asian pacific american gun owners assn,Asian Pacific American Gun Owners Assoc.
asian pacific american gun owners assoc.,Asian Pacific American Gun Owners Assoc.
asian pacific american labor alliance,Asian Pacific American Labor Alliance
asian pacific american labor alliance afl-cio,Asian Pacific American Labor Alliance
asian pacific inst on gender based violence,Asian Pacific Institute on Gender-Based Violence
asian pacific inst on gender-based violence,Asian Pacific Institute on Gender-Based Violence
asian pacific islander domestic violence resource project,Asian/Pacific Islander Domestic Violence Resource Project
asian/pacific islander domestic violence resource project,Asian/Pacific Islander Domestic Violence Resource Project
askeladden,Askeladden L.L.C.
askeladden l.l.c.,Askeladden L.L.C.
aspira,ASPIRA of New York
aspira assn,ASPIRA of New York
aspira of new york,ASPIRA of New York
assembly of canonical orthodox bishops of the united states of america,Assembly of Canonical Orthodox Bishops of the United States of America
assembly of canonical orthodox bishops of the usa,Assembly of Canonical Orthodox Bishops of the United States of America
american assn of railroads,Association of American Railroads
assn of american railroads,Association of American Railroads
assn for mature american citizens action,Association of Mature American Citizens (AMAC)
assn of mature american citizens,Association of Mature American Citizens (AMAC)
assn of mature american citizens action,Association of Mature American Citizens (AMAC)
assn of oil pipe lines,Association of Oil Pipe Lines
assn of oil pipelines,Association of Oil Pipe Lines
assn of american indian affairs,Association on American Indian Affairs
assn on american indian affairs,Association on American Indian Affairs
bayer,Bayer US LLC
bayer us,Bayer US LLC
blue cross and blue shield of kansas city,Blue Cross Blue Shield Association
blue cross and blue shield of vermont,Blue Cross Blue Shield Association
blue cross blue shield assn,Blue Cross Blue Shield Association
bold futures,Bold Futures NM
bold futures nm,Bold Futures NM
brennan ctr for justice,Brennan Center for Justice at NYU School of Law
brennan ctr for justice at n.y.u. school of law,Brennan Center for Justice at NYU School of Law
brennan ctr for justice at nyu school of law,Brennan Center for Justice at NYU School of Law
bristol myers squibb,Bristol Myers Squibb
bristol-myers squibb company,Bristol Myers Squibb
buckeye firearms assn,Buckeye Firearms Association
buckeye firearms fdn,Buckeye Firearms Association
business roundtable,Business Roundtable
california business roundtable,Business Roundtable
by the hand,By the Hand Club for Kids
by the hand club for kids,By the Hand Club for Kids
apartment owners assn of california,California Apartment Association
california apartment assn,California Apartment Association
california assn of realtors,California Association of REALTORS®
california assn of realtors®,California Association of REALTORS®
california employment lawyers assn,California Employment Lawyers Association
california employment lawyers’ assn,California Employment Lawyers Association
california farm bureau,California Farm Bureau Federation
california farm bureau fed,California Farm Bureau Federation
state farm bureau org of california,California Farm Bureau Federation
california peace officers’ assn,California Peace Officers’ Association
peace officers research assn of california,California Peace Officers’ Association
california retail assn,California Retail Association
california retailers assn,California Retail Association
california rifle and pistol assn,"California Rifle & Pistol Association, Inc."
california rifle and pistol assn incorporated,"California Rifle & Pistol Association, Inc."
california state sheriffs assn,California State Sheriffs’ Association
california state sheriffs’ assn,California State Sheriffs’ Association
campaign for fair sentencing of youth,Campaign for Fair Sentencing of Youth
campaign for the fair sentencing of youth,Campaign for Fair Sentencing of Youth
capital area immigrant’s rights coalition,Capital Area Immigrants’ Rights Coalition
capital area immigrants’ rights coalition,Capital Area Immigrants’ Rights Coalition
casa de esperanza,Casa de Esperanza
casa de esperanza: natl latina network for healthy families and communities,Casa de Esperanza
catholic charities dc,Catholic Charities USA
catholic charities usa,Catholic Charities USA
catholic vote,CatholicVote.org
catholicvote,CatholicVote.org
catholicvote.org,CatholicVote.org
catholicvote.org education fund,CatholicVote.org
catholicvote.org educational fund,CatholicVote.org
claremont inst’s ctr for constitutional jurisprudence,Center for Constitutional Jurisprudence
claremont institutes’ ctr for constitutional jurisprudence,Center for Constitutional Jurisprudence
ctr for constitutional jurisprudence,Center for Constitutional Jurisprudence
ctr for integrity in forensic science,"Center for Integrity in Forensic Sciences, Inc."
ctr for integrity in forensic sciences,"Center for Integrity in Forensic Sciences, Inc."
ctr for law brain and behavior,"Center for Law, Brain and Behavior"
ctr for law brain and behavior at massachusetts general hospital,"Center for Law, Brain and Behavior"
massachusetts general hospital ctr for law brain and behavior,"Center for Law, Brain and Behavior"
ctr for popular democracy,Center for Popular Democracy
ctr for popular democracy action,Center for Popular Democracy
ctr for public justice,Center for Public Justice
public justice ctr,Center for Public Justice
ctr on race inequality and the law,"Center on Race, Inequality, and the Law"
nyu ctr on race inequality and the law,"Center on Race, Inequality, and the Law"
california innocence project; ctr on wrongful convictions,Center on Wrongful Convictions
ctr on wrongful convictions,Center on Wrongful Convictions
central american resource ctr (carecen-la),Central American Resource Center of Northern CA - CARECEN SF
central american resource ctr of california,Central American Resource Center of Northern CA - CARECEN SF
central american resource ctr of northern ca-carecen sf,Central American Resource Center of Northern CA - CARECEN SF
central city assn,Central City Association of Los Angeles
central city assn of los angeles,Central City Association of Los Angeles
central city east assn of los angeles,Central City Association of Los Angeles
centro legal de la raza,Centro Legal de la Raza
la raza centro legal san francisco,Centro Legal de la Raza
chamber of commerce of the united states,Chamber of Commerce of the United States of America
chamber of commerce of the united states of america,Chamber of Commerce of the United States of America
u.s. chamber of commerce,Chamber of Commerce of the United States of America
united states chamber of commerce,Chamber of Commerce of the United States of America
chinese american citizens alliance of greater new york,Chinese American Citizens Alliance - Greater New York
chinese american citizens alliance-greater new york,Chinese American Citizens Alliance - Greater New York
christian family coalition,"Christian Family Coalition (CFC) Florida, Inc."
christian family coalition (cfc) florida,"Christian Family Coalition (CFC) Florida, Inc."
cisco,"Cisco Systems, Inc."
cisco systems,"Cisco Systems, Inc."
coalition ending gender based violence,Coalition Ending Gender-Based Violence
coalition ending gender-based violence,Coalition Ending Gender-Based Violence
coalition of labor union women,Coalition of Labor Union Women
coalition of labor union women afl-cio,Coalition of Labor Union Women
colegio de abogados y abogadas de puerto rico,Colegio de Abogados y Abogadas de Puerto Rico
colegio de abogados y abogadas de puerto rico (puerto rico bar assn),Colegio de Abogados y Abogadas de Puerto Rico
comm for public counsel services,Committee for Public Counsel Services Innocence Program
comm for public counsel services innocence program,Committee for Public Counsel Services Innocence Program
communication first,CommunicationFIRST
communicationfirst,CommunicationFIRST
community legal services,Community Legal Services in East Palo Alto
community legal services in east palo alto,Community Legal Services in East Palo Alto
community legal services of philadelphia,Community Legal Services in East Palo Alto
connecticut innocence project,Connecticut Innocence Project
connecticut innocence project/post-conviction unit,Connecticut Innocence Project
conservative legal def. and ed. fund,Conservative Legal Defense and Education Fund
conservative legal def. and education fund,Conservative Legal Defense and Education Fund
conservative legal defense and education fund,Conservative Legal Defense and Education Fund
constitution party,Constitution Party National Committee
constitution party natl comm,Constitution Party National Committee
constitution party of utah,Constitution Party National Committee
coolidge reagan fdn,Coolidge-Reagan Foundation
coolidge-reagan fdn,Coolidge-Reagan Foundation
council on american-islamic relations,Council on American-Islamic Relations
council on american-islamic relations (natl),Council on American-Islamic Relations
council on american-islamic relations new york,Council on American-Islamic Relations
council on american-islamic relations-oklahoma chapter,Council on American-Islamic Relations
creating law enforcement accountability and responsibility,Creating Law Enforcement Accountability & Responsibility Project
creating law enforcement accountability and responsibility project,Creating Law Enforcement Accountability & Responsibility Project
ctia-the wireless assn,CTIA—The Wireless Association
ctia-the wireless assn®,CTIA—The Wireless Association
cuyahoga county public defender,Cuyahoga County Public Defender
cuyahoga county public defender’s office,Cuyahoga County Public Defender
defense of freedom inst,Defense of Freedom Institute for Policy Studies
defense of freedom inst for policy studies,Defense of Freedom Institute for Policy Studies
dell,Dell Technologies Inc.
dell technologies,Dell Technologies Inc.
democracy 21,Democracy 21
democracy 21 education fund,Democracy 21
democrats for life,Democrats for Life
democrats for life of america,Democrats for Life
catholic diocese of colorado springs,Diocese of Colorado Springs
diocese of colorado springs,Diocese of Colorado Springs
disability rights california,Disability Rights California
disability rights connecticut,Disability Rights California
district attorneys assn of the state of new york,District Attorneys Association of the State of New York
new york state district attorneys assn,District Attorneys Association of the State of New York
district attorneys’ assn of georgia,District Attorneys’ Association of Georgia
georgia district attorneys assn,District Attorneys’ Association of Georgia
d.c. assn of criminal defense lawyers,District of Columbia Association of Criminal Defense Lawyers
district of columbia assn of criminal defense lawyers,District of Columbia Association of Criminal Defense Lawyers
doctors for camp closure,Doctors for Camp Closure (D4CC)
doctors for camp closure (d4cc),Doctors for Camp Closure (D4CC)
downsize dc fdn,Downsize DC.org
downsize dc fdn.,Downsize DC.org
downsize dc.org,Downsize DC.org
downsizedc.org,Downsize DC.org
dri,DRI Center for Law and Public Policy
dri ctr for law and public policy,DRI Center for Law and Public Policy
dri-ctr for law and public policy,DRI Center for Law and Public Policy
eagle forum,Eagle Forum
eagle forum education and legal defense fund,Eagle Forum
eagle forum fdn,Eagle Forum
eagle forum of alabama,Eagle Forum
eagle forum of california,Eagle Forum
eagle forum of georgia,Eagle Forum
pennsylvania eagle forum,Eagle Forum
tennessee eagle forum,Eagle Forum
earlens,EarLens Corporation
earlens corporation,EarLens Corporation
earlens croporation,EarLens Corporation
end citizens united / let america vote action fund,End Citizens United / Let America Vote Action Fund
end citizens united//let america vote action fund,End Citizens United / Let America Vote Action Fund
energy transfer lp,Energy Transfer LP
energy transfer partners l.p.,Energy Transfer LP
equality new york,Equality New York Fund
equality new york fund,Equality New York Fund
ethics and religious liberty commission,Ethics and Religious Liberty Commission of the Southern Baptist Convention
ethics and religious liberty commission of the southern baptist conference,Ethics and Religious Liberty Commission of the Southern Baptist Convention
ethics and religious liberty commission of the southern baptist convention,Ethics and Religious Liberty Commission of the Southern Baptist Convention
everytown for gun safety,Everytown for Gun Safety
everytown for gun safety support fund,Everytown for Gun Safety
fair and just prosecution,Fair and Just Prosecution
fair and just prosecution a project of the tides ctr,Fair and Just Prosecution
family heritage alliance,Family Heritage Alliance
family heritage alliance (south dakota),Family Heritage Alliance
family inst of connecticut,Family Institute of Connecticut Action
family inst of connecticut action,Family Institute of Connecticut Action
federal defenders of eastern washington,Federal Defenders of Eastern Washington
federal defenders of eastern washington and idaho,Federal Defenders of Eastern Washington
federal public and community defenders,Federal Public and Community Defenders
natl sentencing resource counsel federal public and community defenders,Federal Public and Community Defenders
federal public defender district of alaska,Federal Public Defender for the District of Alaska
federal public defender for the district of alaska,Federal Public Defender for the District of Alaska
federal defender for the district of arizona,Federal Public Defender for the District of Arizona
federal public defender district of arizona,Federal Public Defender for the District of Arizona
federal public defender for the district of arizona,Federal Public Defender for the District of Arizona
federal public defender district of guam,Federal Public Defender for the District of Guam
federal public defender for the district of guam,Federal Public Defender for the District of Guam
federal public defender district of hawai’i,Federal Public Defender for the District of Hawaii
federal public defender for the district of hawaii,Federal Public Defender for the District of Hawaii
federal defender for the eastern district of california,Federal Public Defender for the Eastern District of California
federal public defender eastern district of california,Federal Public Defender for the Eastern District of California
federal public defender for the eastern district of california,Federal Public Defender for the Eastern District of California
federal public defender for the western district of washington,Federal Public Defender for the Western District of Washington
federal public defender western district of washington,Federal Public Defender for the Western District of Washington
federal public defender district of nevada,"Federal Public Defender, District of Nevada"
federal public defender for the district of nevada,"Federal Public Defender, District of Nevada"
feeding america,Feeding America
feeding america-eastern wisconsin,Feeding America
firearm policy coalition,Firearms Policy Coalition
firearms policy coalition,Firearms Policy Coalition
first nations women’s alliance,First Nations Women’s Alliance
first nations womens alliance,First Nations Women’s Alliance
flavour art north america,Flavour Art North American
flavour art north american,Flavour Art North American
florence immigrant and refugee rights project,Florence Immigrant & Refugee Rights Project
florence immigrant and refugee rights project lawyers for civil rights,Florence Immigrant & Refugee Rights Project
central florida assn of criminal defense lawyers,Florida Association for Criminal Defense Lawyers
florida assn for criminal defense lawyers,Florida Association for Criminal Defense Lawyers
fmi,"FMI, The Food Industry Association"
fmi the food industry assn,"FMI, The Food Industry Association"
fond du lac band,Fond du Lac Band of Lake Superior Chippewa
fond du lac band of lake superior chippewa,Fond du Lac Band of Lake Superior Chippewa
former executive office for immigration review judges,Former Executive Office for Immigration Review Judges
former executive office of immigration review judges,Former Executive Office for Immigration Review Judges
free press,Free Press Action
free press action,Free Press Action
free speech def. and ed. fund,Free Speech Defense and Education Fund
free speech defense and education fund,Free Speech Defense and Education Fund
freedomworks,FreedomWorks Foundation
freedomworks fdn,FreedomWorks Foundation
freeport-mcmoran,Freeport-McMoRan Oil & Gas LLC
freeport-mcmoran oil and gas,Freeport-McMoRan Oil & Gas LLC
frontier communications corporation,Frontier Communications Corporation
frontier communications parent,Frontier Communications Corporation
frontline,Frontline
frontline policy,Frontline
geisinger,Geisinger
geisinger health plan,Geisinger
general assembly of the presbyterian church (u.s.a.),General Assembly of the Presbyterian Church (U.S.A.)
presbyterian church (u.s.a.),General Assembly of the Presbyterian Church (U.S.A.)
atlantic union conference of seventh-day adventists,General Conference of Seventh-day Adventists
columbia union conference of seventh-day adventists,General Conference of Seventh-day Adventists
general conference of seventh-day adventists,General Conference of Seventh-day Adventists
general conference of the seventh-day adventist church,General Conference of Seventh-day Adventists
general conference of the seventh-day adventists,General Conference of Seventh-day Adventists
assemblies of god,General Council of the Assemblies of God
general council of the assemblies of god,General Council of the Assemblies of God
congregational united church of christ,General Synod of the United Church of Christ
general synod of the united church of christ,General Synod of the United Church of Christ
montana-northern wyoming conference united church of christ,General Synod of the United Church of Christ
united church of christ,General Synod of the United Church of Christ
georgia conservation voters,Georgia Conservation Voters
georgia conservation voters education fund,Georgia Conservation Voters
glma: health professionals advancing lgbtq equality,GLMA: Health Professionals Advancing LGBTQ Equality
glma: health professionals advancing lgbtq+ equality,GLMA: Health Professionals Advancing LGBTQ Equality
glma: health professionals advancing lgbtq+ health,GLMA: Health Professionals Advancing LGBTQ Equality
ctr for global justice,Global Justice Center
global justice ctr,Global Justice Center
graphic artist’s guild,Graphic Artists Guild
graphic artists guild,Graphic Artists Guild
gun owners fdn,Gun Owners Foundation
gun owners fdn.,Gun Owners Foundation
california county gun owners,Gun Owners of California
gun owners of california,Gun Owners of California
gun owners action league (massachusetts),Gun Owners’ Action League Massachusetts
gun owners’ action league massachusetts,Gun Owners’ Action League Massachusetts
hadassah the women’s zionist org of america,"Hadassah, The Women’s Zionist Organization of America"
hadassah the womens zionist org of america,"Hadassah, The Women’s Zionist Organization of America"
hebrew immigrant aid soc (hias) pennsylvania,HIAS Pennsylvania
hias pennsylvania,HIAS Pennsylvania
hope family services at the resurrection project,HOPE Family Services at The Resurrection Project
resurrection project,HOPE Family Services at The Resurrection Project
hospitality maine,HospitalityMaine
hospitalitymaine,HospitalityMaine
human coalition,Human Coalition
human coalition action,Human Coalition
human rights campaign,Human Rights Campaign
human rights campaign fdn,Human Rights Campaign
if when how-unm school of law chapter,If/When/How: Lawyering for Reproductive Justice
if/when/how,If/When/How: Lawyering for Reproductive Justice
if/when/how: lawyering for reproductive justice,If/When/How: Lawyering for Reproductive Justice
illinois health and hospital assn,Illinois Hospital Association
illinois hospital assn,Illinois Hospital Association
immigrant justice task force of the wellington avenue united church of christ,Immigrant Justice Task Force of the Wellington Avenue United Church of Christ
wellington avenue united church of christ,Immigrant Justice Task Force of the Wellington Avenue United Church of Christ
immigration law reform inst,Immigration Reform Law Institute
immigration reform law inst,Immigration Reform Law Institute
gas and oil assn of west virginia,Independent Oil and Gas Association of West Virginia
independent oil and gas assn of west virginia,Independent Oil and Gas Association of West Virginia
west virginia oil and natural gas assn,Independent Oil and Gas Association of West Virginia
indivisible,Indivisible Project
indivisible project,Indivisible Project
innocence network,Innocence Network
innocent network,Innocence Network
innocence project,Innocence Project
innocence project new orleans,Innocence Project
innocence project of new orleans,Innocence Project
inst para las mujeres en la migración,Instituto para las Mujeres en la Migración (IMUMI)
inst para las mujeres en la migración a.c.,Instituto para las Mujeres en la Migración (IMUMI)
inst para las mujeres en migracion,Instituto para las Mujeres en la Migración (IMUMI)
intel,Intel Corporation
intel corporation,Intel Corporation
interfaith alliance,Interfaith Alliance
interfaith alliance fdn,Interfaith Alliance
intl brotherhood of teamsters,International Brotherhood of Teamsters
intl brotherhood of teamsters (human rights and diversity commission),International Brotherhood of Teamsters
intl conference of evangelical chaplain endorcers,International Conference of Evangelical Chaplain Endorsers
intl conference of evangelical chaplain endorsers,International Conference of Evangelical Chaplain Endorsers
intl council of evangelical chaplain endorsers,International Conference of Evangelical Chaplain Endorsers
intl municipal lawyer’s assn,International Municipal Lawyers Association
intl municipal lawyers assn,International Municipal Lawyers Association
intl municipal lawyers’ assn,International Municipal Lawyers Association
intl refugee assistance ctr,International Refugee Assistance Project
intl refugee assistance project,International Refugee Assistance Project
intl union of operating engineers,International Union of Operating Engineers
intl union of operating engineers local 150 afl-cio,International Union of Operating Engineers
iowa pork producers assn,Iowa Pork Producers Association
state pork producer assn of iowa,Iowa Pork Producers Association
islam and religious freedom action team,Islam & Religious Freedom Action Team of the Religious Freedom Institute
islam and religious freedom action team (irf) of the religious freedom inst,Islam & Religious Freedom Action Team of the Religious Freedom Institute
islam and religious freedom action team of the religious freedom inst,Islam & Religious Freedom Action Team of the Religious Freedom Institute
islam and religious freedom action team religious freedom inst,Islam & Religious Freedom Action Team of the Religious Freedom Institute
religious freedom inst,Islam & Religious Freedom Action Team of the Religious Freedom Institute
religious freedom inst islam and religious freedom action team,Islam & Religious Freedom Action Team of the Religious Freedom Institute
dr. james dobson family inst,James Dobson Family Institute
james dobson family inst,James Dobson Family Institute
jetblue airways,JetBlue Airways
jetblue airways corporation,JetBlue Airways
jewish activists for immigration justice of western massachusetts,Jewish Activists for Immigration Justice Western MA
jewish activists for immigration justice western ma,Jewish Activists for Immigration Justice Western MA
jewish coalition for religious liberty,Jewish Coalition for Religious Liberty
jewish coalition of religious liberty,Jewish Coalition for Religious Liberty
jewish war veterans of the u.s.a,"Jewish War Veterans of the United States of America, Inc."
jewish war veterans of the united states of america,"Jewish War Veterans of the United States of America, Inc."
jewish war veterans of the usa,"Jewish War Veterans of the United States of America, Inc."
job creators network fdn,Job Creators Network Foundation
job creators network fdn legal action fund,Job Creators Network Foundation
johnson and johnson,Johnson & Johnson
johnson and johnson patient assistance fdn,Johnson & Johnson
bazelon ctr for mental health law,Judge David L. Bazelon Center for Mental Health Law
judge david l. bazelon ctr for mental health law,Judge David L. Bazelon Center for Mental Health Law
judge david l. brazelon ctr for mental health law,Judge David L. Bazelon Center for Mental Health Law
kentucky smoke free assn,"Kentucky Vaping Retailers Association, Inc."
kentucky vaping retailers assn,"Kentucky Vaping Retailers Association, Inc."
kentucky vaping retailers assn d/b/a kentucky smoke free assn,"Kentucky Vaping Retailers Association, Inc."
keweenaw bay indian community,Keweenaw Bay Indian Community Transitional Home Programs & Services
keweenaw bay indian community transitional home programs and services,Keweenaw Bay Indian Community Transitional Home Programs & Services
knife rights,"Knife Rights Foundation, Inc."
knife rights fdn,"Knife Rights Foundation, Inc."
knight first amendment inst,Knight First Amendment Institute at Columbia University
knight first amendment inst at columbia university,Knight First Amendment Institute at Columbia University
la unión del pueblo entero,La Unión del Pueblo Entero
la union del pueblo entero,La Unión del Pueblo Entero
lambda legal,"Lambda Legal Defense and Education Fund, Inc."
lambda legal defense and education fund,"Lambda Legal Defense and Education Fund, Inc."
latin america working grp,Latin America Working Group (LAWG)
latin american working grp,Latin America Working Group (LAWG)
latin american working grp education fund,Latin America Working Group (LAWG)
lawyers for good government,Lawyers for Good Government
lawyers for good government project corazon matamoros,Lawyers for Good Government
league of women voters,League of Women Voters of the United States
league of women voters california,League of Women Voters of the United States
league of women voters florida,League of Women Voters of the United States
league of women voters maryland chapter,League of Women Voters of the United States
league of women voters of alabama,League of Women Voters of the United States
league of women voters of arizona,League of Women Voters of the United States
league of women voters of california,League of Women Voters of the United States
league of women voters of florida,League of Women Voters of the United States
league of women voters of new york,League of Women Voters of the United States
league of women voters of new york state,League of Women Voters of the United States
league of women voters of sf,League of Women Voters of the United States
league of women voters of south carolina,League of Women Voters of the United States
league of women voters of the united states,League of Women Voters of the United States
league of women voters texas,League of Women Voters of the United States
league of women voters united states,League of Women Voters of the United States
legal aid justice ctr,Legal Aid Justice Center
legal aid justice ctr (virginia),Legal Aid Justice Center
legal momentum,"Legal Momentum, the Women’s Legal Defense and Education Fund"
legal momentum the women’s legal defense and education fund,"Legal Momentum, the Women’s Legal Defense and Education Fund"
lgbt bar assn of new york,LGBT Bar of New York
lgbt bar of new york,LGBT Bar of New York
liberty counsel,Liberty Counsel
liberty counsel action,Liberty Counsel
library futures,Library Futures Institute
library futures inst,Library Futures Institute
linkedin,LinkedIn Corporation
linkedin corporation,LinkedIn Corporation
los angeles times communications,"Los Angeles Times Communications LLC & The San Diego Union-Tribune, LLC"
los angeles times communications and the san diego union-tribune,"Los Angeles Times Communications LLC & The San Diego Union-Tribune, LLC"
louis d. brandeis ctr,Louis D. Brandeis Center for Human Rights Under Law
louis d. brandeis ctr for human rights under law,Louis D. Brandeis Center for Human Rights Under Law
doctors without borders/medecins sans frontieres,Médecins Sans Frontières / Doctors Without Borders
médecins sans frontières / doctors without borders,Médecins Sans Frontières / Doctors Without Borders
maine women’s lobby,Maine Women’s Lobby
maine women’s lobby education fund,Maine Women’s Lobby
making every vote count,Making Every Vote Count Foundation
making every vote count fdn,Making Every Vote Count Foundation
manhattan inst,Manhattan Institute
manhattan inst for policy research,Manhattan Institute
march for life,March for Life Education and Defense Fund
march for life education and defense fund,March for Life Education and Defense Fund
march for our lives,March For Our Lives Action Fund
march for our lives action fund,March For Our Lives Action Fund
massachusetts chapter of the natl academy of elder law attorneys,Massachusetts Chapter of the National Academy of Elder Law Attorneys
natl academy of elder law attorneys,Massachusetts Chapter of the National Academy of Elder Law Attorneys
mastercard,Mastercard Inc.
mastercard intl incorporated,Mastercard Inc.
materna,Materna Medical
materna medical,Materna Medical
members of michigan fair elections inst,Members of Michigan Fair Elections Institute
michigan fair elections,Members of Michigan Fair Elections Institute
mental health america,Mental Health America
mental health america of greater dallas,Mental Health America
global justice inst metropolitan community churches,"Metropolitan Community Churches, Global Justice Institute"
metropolitan community churches global justice inst,"Metropolitan Community Churches, Global Justice Institute"
microsoft,Microsoft Corporation
microsoft corporation,Microsoft Corporation
minnesota indian women sexual assault coalition,Minnesota Indian Women Sexual Assault Coalition
minnesota indian womens sexual assault coalition,Minnesota Indian Women Sexual Assault Coalition
miramar labs,MiramarLabs
miramarlabs,MiramarLabs
missouri asian american youth fdn,Missouri Asian American Youth Foundation
missouri asian american youth fed,Missouri Asian American Youth Foundation
montana innocence project,Montana Innocence Project
mt innocence project,Montana Innocence Project
fdn for natl progress dba mother jones,Mother Jones
mother jones,Mother Jones
mountain state justice,Mountain State Justice
mountain state justice (west virginia),Mountain State Justice
mozilla,Mozilla Corporation
mozilla corporation,Mozilla Corporation
mylan pharmaceutical industry co.,Mylan Pharmaceutical Industry Co.
mylan pharmaceuticals,Mylan Pharmaceutical Industry Co.
louisiana state conference of the naacp,NAACP
naacp,NAACP
naacp legal defense and education fund,NAACP
naacp louisiana state conference,NAACP
naral pro-choice america,NARAL Pro-Choice America
naral pro-choice north carolina,NARAL Pro-Choice America
naral pro-choice oregon,NARAL Pro-Choice America
pro-choice north carolina,NARAL Pro-Choice America
reproductive freedom for all (formerly naral pro-choice america),NARAL Pro-Choice America
reproductive freedom for all formerly naral pro-choice america,NARAL Pro-Choice America
naspa-student affairs administrators in higher education,NASPA-Student Affairs Administrators in Higher Education
student affairs administrators in higher education,NASPA-Student Affairs Administrators in Higher Education
natl action network,National Action Network
natl action network washington bureau,National Action Network
natl african american gun assn,"National African American Gun Association, Inc."
natl african american gun assoc.,"National African American Gun Association, Inc."
natl alliance on mental illness,National Alliance on Mental Illness
natl alliance on mental illness of texas,National Alliance on Mental Illness
natl assn for latino community asset builders,National Association for Latino Community Asset Builders
natl assn of latino community asset builders,National Association for Latino Community Asset Builders
natl assn for public defense,National Association for Public Defense
natl assn for public defense and restoring justice,National Association for Public Defense
natl assn for the advancement of colored people,National Association for the Advancement of Colored People
natl assn for the advancement of colored people baton rouge branch,National Association for the Advancement of Colored People
natl assn of catholic nurses u.s.a.,"National Association of Catholic Nurses, USA"
natl assn of catholic nurses usa,"National Association of Catholic Nurses, USA"
natl assn of catholic nurses-usa,"National Association of Catholic Nurses, USA"
natl assn of chapter 13 trustees,National Association of Chapter Thirteen Trustees
natl assn of chapter thirteen trustees,National Association of Chapter Thirteen Trustees
natl assn of home builders,National Association of Home Builders
natl assn of home builders of the u.s.,National Association of Home Builders
natl assn of home builders of the united states,National Association of Home Builders
natl assn of latino elected and appointed officials,National Association of Latino Elected and Appointed Officials Educational Fund
natl assn of latino elected and appointed officials educational fund,National Association of Latino Elected and Appointed Officials Educational Fund
natl assn of parents (d/b/a “parentsusa”),"National Association of Parents, Inc. d/b/a ParentsUSA"
"natl assn of parents (d/b/a ""parentsusa"")","National Association of Parents, Inc. d/b/a ParentsUSA"
natl assn of parents d/b/a parentsusa,"National Association of Parents, Inc. d/b/a ParentsUSA"
natl assn of parents dba parentsusa,"National Association of Parents, Inc. d/b/a ParentsUSA"
natl assn of social workers including its texas chapter,National Association of Social Workers Texas Chapter
natl assn of social workers texas chapter,National Association of Social Workers Texas Chapter
natl capacd-natl coalition for asian pacific american community development,National CAPACD - National Coalition for Asian Pacific American Community Development
natl coalition for asian pacific american community development,National CAPACD - National Coalition for Asian Pacific American Community Development
natl coalition for asian pacific american community development (natl capacd),National CAPACD - National Coalition for Asian Pacific American Community Development
natl ctr for lesbian rights,National Center for Lesbian Rights
natl ctr on lesbian rights,National Center for Lesbian Rights
black women’s roundtable,National Coalition on Black Civic Participation
natl coalition on black civic participation,National Coalition on Black Civic Participation
natl coalition on black civic participation-black women’s roundtable,National Coalition on Black Civic Participation
natl congress of american indians,National Congress of American Indians
natl congress of american indians fund,National Congress of American Indians
natl council of churches,National Council of Churches of Christ in the USA
natl council of churches of christ in the usa,National Council of Churches of Christ in the USA
natl council of the churches of christ in the usa,National Council of Churches of Christ in the USA
natl family violence law ctr,National Family Violence Law Center at GW Law
natl family violence law ctr at gw law,National Family Violence Law Center at GW Law
natl family violence law ctr at the george washington university law school,National Family Violence Law Center at GW Law
natl fed of independent business,National Federation of Independent Business Small Business Legal Center
natl fed of independent business small business legal ctr,National Federation of Independent Business Small Business Legal Center
natl fed of independent businesses,National Federation of Independent Business Small Business Legal Center
natl fed of independent small business legal ctr,National Federation of Independent Business Small Business Legal Center
nfib legal ctr,National Federation of Independent Business Small Business Legal Center
nfib small business legal ctr,National Federation of Independent Business Small Business Legal Center
natl fed for the blind,National Federation of the Blind
natl fed of the blind,National Federation of the Blind
natl fed of the blind-california,National Federation of the Blind
natl fed of the blind-florida,National Federation of the Blind
natl fed of the blind-massachusetts,National Federation of the Blind
natl fed of the blind-missouri,National Federation of the Blind
natl fed of the blind-washington,National Federation of the Blind
natl health law program,National Health Law Program
natl health law project,National Health Law Program
natl heath law program,National Health Law Program
heartland alliance’s natl immigrant justice ctr,National Immigrant Justice Center
natl immigrant justice ctr,National Immigrant Justice Center
natl immigration project,National Immigration Project of the National Lawyers Guild
natl immigration project of the natl lawyers guild,National Immigration Project of the National Lawyers Guild
natl lgbt bar assn,National LGBT Bar Association
natl lgbtbar assn and fdn,National LGBT Bar Association
natl org for the reform of marijuana laws,National Organization for the Reform of Marijuana Laws
new york state affiliate of the natl org for the reform of marijuana laws,National Organization for the Reform of Marijuana Laws
natl org for women (now) fdn,National Organization for Women Foundation
natl org for women fdn,National Organization for Women Foundation
natl org of social security claimants representatives,National Organization of Social Security Claimants Representatives
natl org of social security claimants’ representatives,National Organization of Social Security Claimants Representatives
natl taxpayers union,National Taxpayers Union Foundation
natl taxpayers union fdn,National Taxpayers Union Foundation
natl trust for historic preservation,National Trust for Historic Preservation
natl trust for historic preservation in the united states,National Trust for Historic Preservation
natl women’s law ctr,National Women’s Law Center
natl womens law ctr,National Women’s Law Center
natl women’s soccer league players assn,National Women’s Soccer League Players Association
players assn of the natl women’s soccer league,National Women’s Soccer League Players Association
native women’s soc,Native Women’s Society of the Great Plains
native women’s soc of the great plains,Native Women’s Society of the Great Plains
nebraska appleseed,Nebraska Appleseed Center for Law in the Public Interest
nebraska appleseed ctr for law in the public interest,Nebraska Appleseed Center for Law in the Public Interest
neighborhood defender service (new york),Neighborhood Defender Service of Harlem
neighborhood defender service of harlem,Neighborhood Defender Service of Harlem
new york county defender service,New York County Defender Services
new york county defender services,New York County Defender Services
news media alliance,News Media Alliance
news/media alliance,News Media Alliance
n.c. chamber legal inst,North Carolina Chamber Legal Institute
north carolina chamber legal inst,North Carolina Chamber Legal Institute
nc family policy council,North Carolina Family Policy Council
north carolina family policy council,North Carolina Family Policy Council
north carolina values coalition,North Carolina Values Coalition
north carolina values inst,North Carolina Values Coalition
oca-asian pacific american advocates,OCA – Asian Pacific American Advocates
org of chinese americans (oca)-asian pacific american advocates,OCA – Asian Pacific American Advocates
org of chinese americans (oca)-asian pacific american advocates-new york,OCA – Asian Pacific American Advocates
oca south florida chapter,OCA South Florida Chapter
org of chinese americans (oca) south florida chapter,OCA South Florida Chapter
oklahoma criminal defense lawyer’s assn,Oklahoma Criminal Defense Lawyers Association
oklahoma criminal defense lawyers assn,Oklahoma Criminal Defense Lawyers Association
farmers educational and cooperative union of america,"Oklahoma State Union of the Farmers Educational and Co-Operative Union of America, Inc."
oklahoma state union of the farmers educational and co-operative union of america,"Oklahoma State Union of the Farmers Educational and Co-Operative Union of America, Inc."
onejustice,OneJustice
onejustice (california),OneJustice
onevirginia2021,OneVirginia2021: Virginians for Fair Redistricting
onevirginia2021: virginians for fair redistricting,OneVirginia2021: Virginians for Fair Redistricting
operation blazing sword,Operation Blazing Sword-Pink Pistols
operation blazing sword-pink pistols,Operation Blazing Sword-Pink Pistols
pink pistols,Operation Blazing Sword-Pink Pistols
2556 operation outcry women injured by abortion,Operation Outcry Women Injured by Abortion
operation outcry,Operation Outcry Women Injured by Abortion
operation outcry women injured by abortion,Operation Outcry Women Injured by Abortion
women injured by abortion,Operation Outcry Women Injured by Abortion
oracle,Oracle
oracle america,Oracle
oregon farm bureau,Oregon Farm Bureau
state farm bureau org of oregon,Oregon Farm Bureau
american historians,Organization of American Historians
org of american historians,Organization of American Historians
original ventures,Original Ventures
original ventures llcs,Original Ventures
(new) orleans public defenders,Orleans Public Defenders
orleans public defenders,Orleans Public Defenders
palmetto family (south carolina),Palmetto Family Council
palmetto family council,Palmetto Family Council
palmetto promise,Palmetto Promise Institute
palmetto promise inst,Palmetto Promise Institute
pascua yaqui tribe,Pascua Yaqui Tribe
pascua yaqui tribe of arizona,Pascua Yaqui Tribe
paypal,"PayPal, Inc."
paypal holdings,"PayPal, Inc."
people for the american way,People For the American Way Foundation
people for the american way fdn,People For the American Way Foundation
pflag,PFLAG
pflag natl,PFLAG
pharmaceutical research and manufacturers of america,Pharmaceutical Research and Manufacturers of America
pharmaceutical research and manufacturers of america (phrma),Pharmaceutical Research and Manufacturers of America
planned parenthood action fund,Planned Parenthood Federation of America
planned parenthood ctr for choice,Planned Parenthood Federation of America
planned parenthood fed of america,Planned Parenthood Federation of America
players assn of the women’s natl basketball assn,Players Associations of the Women’s National Basketball Association
women’s natl basketball players assn,Players Associations of the Women’s National Basketball Association
population connection,Population Connection Action Fund
population connection action fund,Population Connection Action Fund
positive women’s network-usa,Positive Women’s Network-USA
positive womens network-usa (pwn-usa),Positive Women’s Network-USA
power2parent union,Power2Parents
power2parents,Power2Parents
presbyterians affirming reproductive choice,Presbyterians Affirming Reproductive Options
presbyterians affirming reproductive options,Presbyterians Affirming Reproductive Options
presente,Presente.org
presente.org,Presente.org
president of the house of deputies of the episcopal church,President of the House of Deputies of the Episcopal Church
presiding bishop and president of the house of deputies of the episcopal church,President of the House of Deputies of the Episcopal Church
presiding bishop of the episcopal church,President of the House of Deputies of the Episcopal Church
product liability advisory council,"Product Liability Advisory Council, Inc."
product liability advisory counsel,"Product Liability Advisory Council, Inc."
project 21,Project 21 Black Leadership Network
project 21 black leadership network,Project 21 Black Leadership Network
project21 black leadership network,Project 21 Black Leadership Network
constitution project,Project on Government Oversight
constitution project at the project on government oversight,Project on Government Oversight
project on government oversight,Project on Government Oversight
project south,"Project South, Atlanta, Georgia"
project south atlanta georgia,"Project South, Atlanta, Georgia"
protect democracy,Protect Democracy Project
protect democracy project,Protect Democracy Project
public advocate,Public Advocate of the United States
public advocate fdn,Public Advocate of the United States
public advocate of the u.s.,Public Advocate of the United States
public advocate of the united states,Public Advocate of the United States
public counsel,Public Counsel
public counsel (california),Public Counsel
qualcomm,"Qualcomm, Inc."
qualcomm incorporated,"Qualcomm, Inc."
representus,RepresentUs
representus of new jersey,RepresentUs
reproaction,Reproaction
reproaction education fund,Reproaction
reserve officers assn d/b/a reserve org of america,Reserve Organization of America
reserve org of america,Reserve Organization of America
ctr for investigative reporting (d/b/a reveal),Reveal from The Center for Investigative Reporting
reveal from the ctr for investigative reporting,Reveal from The Center for Investigative Reporting
homeless advocacy project,Rhode Island Homeless Advocacy Project
rhode island homeless advocacy project,Rhode Island Homeless Advocacy Project
rincon band of luiseño indians,Rincon Band of Luiseño Indians
rincon band of luiseno indians,Rincon Band of Luiseño Indians
rising voices,Rising Voices
rising voices a project of tides advocacy,Rising Voices
roughrider inst,Roughrider Policy Center
roughrider policy ctr,Roughrider Policy Center
sage,SAGE NYC
sage nyc,SAGE NYC
salesforce,"Salesforce.com, Inc."
salesforce.com,"Salesforce.com, Inc."
samsung,"Samsung Electronics Co., Ltd."
samsung electronics co.,"Samsung Electronics Co., Ltd."
san diego county gun owners,San Diego County Gun Owners
san diego county gun owners political action comm,San Diego County Gun Owners
save the children,Save the Children Action Network
save the children action network,Save the Children Action Network
baylor scott and white health,Scott & White Health Plan
scott and white health plan,Scott & White Health Plan
asset management grp of the securities industry and financial markets assn,Securities Industry and Financial Markets Association
securities and financial markets assn,Securities Industry and Financial Markets Association
securities industry and financial markets assn,Securities Industry and Financial Markets Association
self-help,Self-Help Credit Union
self-help credit union,Self-Help Credit Union
self-help federal credit union,Self-Help Credit Union
service employees intl union,Service Employees International Union
service employees intl union 32bj,Service Employees International Union
sage: advocacy and services for lgbt elders,Services and Advocacy for GLBT Elders (SAGE)
services and advocacy for glbt elders,Services and Advocacy for GLBT Elders (SAGE)
intl assn of sheet metal air rail and transportation workers,"Sheet Metal, Air, Rail Transportation Workers-Transportation Division"
sheet metal air rail transportation workers-transportation div,"Sheet Metal, Air, Rail Transportation Workers-Transportation Division"
saint luke’s health system,St. Luke’s Health System
st. luke’s health system,St. Luke’s Health System
stand for georgia values,Stand for Georgia Values Action
stand for georgia values action,Stand for Georgia Values Action
oklahoma state chamber research fdn,State Chamber of Oklahoma
state chamber of oklahoma,State Chamber of Oklahoma
colorado farm bureau,State Farm Bureau Organizations of Colorado
state farm bureau org of colorado,State Farm Bureau Organizations of Colorado
state innovation exchange,State Innovation Exchange (SiX)
state innovation exchange (six),State Innovation Exchange (SiX)
stockbridge munsee community,Stockbridge Munsee Community
stockbridge-munsee band of mohicans indians,Stockbridge Munsee Community
stop abusive and violent environments,Stop Abusive and Violent Environments
"stop abusive and violent environments (""save"")",Stop Abusive and Violent Environments
streamline grp/mh global,Streamline Group/MH Global
streamline vape/mh global,Streamline Group/MH Global
students for life action,Students for Life of America
students for life in america,Students for Life of America
students for life of america,Students for Life of America
sun life,Sun Life
sun life u.s.,Sun Life
susan b. anthony list,Susan B. Anthony List
susan b. anthony pro-life america,Susan B. Anthony List
t’ruah: the rabbinic call for human rights,T’ruah: The Rabbinic Call for Human Rights
t’ruah: the rabbinical call for human rights,T’ruah: The Rabbinic Call for Human Rights
taxpayers against fraud,Taxpayers Against Fraud Education Fund
taxpayers against fraud education fund,Taxpayers Against Fraud Education Fund
texas equal access fund,Texas Equal Access Fund (TEA Fund)
texas equal access fund (tea fund),Texas Equal Access Fund (TEA Fund)
texas riogrande legal aid,Texas RioGrande Legal Aid - Public Defender Division
texas riogrande legal aid-public defender div,Texas RioGrande Legal Aid - Public Defender Division
advocates for human rights,The Advocates for Human Rights
human rights advocates,The Advocates for Human Rights
anglican church in north america,The Anglican Church in North America
diocese of the mid-atlantic of the anglican church in north america,The Anglican Church in North America
assn of the bar of the city of new york,The Association of the Bar of the City of New York
new york city bar assn,The Association of the Bar of the City of New York
bronx defenders,The Bronx Defenders
bronx defenders union,The Bronx Defenders
buckeye inst,The Buckeye Institute
buckeye inst for public policy solutions,The Buckeye Institute
catholic health assn,The Catholic Health Association of the United States
catholic health assn of texas,The Catholic Health Association of the United States
catholic health assn of the united states,The Catholic Health Association of the United States
dc project,The DC Project Foundation
dc project fdn,The DC Project Foundation
equal protection project,The Equal Protection Project
equal protection project of the legal insurrection fdn,The Equal Protection Project
legal insurrection fdn,The Equal Protection Project
exoneration project,"The Exoneration Project, Chicago, Illinois"
exoneration project chicago illinois,"The Exoneration Project, Chicago, Illinois"
family fdn (tff) of virginia,The Family Foundation (Virginia)
family fdn (virginia),The Family Foundation (Virginia)
family fdn of virginia,The Family Foundation (Virginia)
family leader,The Family Leader (Iowa)
family leader (iowa),The Family Leader (Iowa)
assn for government accountability,The Foundation for Government Accountability
fdn for government accountability,The Foundation for Government Accountability
foundry,The Foundry
foundry publishing,The Foundry
holocaust education ctr in the desert,"The Holocaust Education Center in the Desert, Inc."
holocaust education ctr in the desert d/b/a tolerance education ctr,"The Holocaust Education Center in the Desert, Inc."
fdn jerome lejeune,The Jerome Lejeune Foundation
jerome lejeune fdn,The Jerome Lejeune Foundation
armed forces and chaplaincy for the anglican church in north america,The Jurisdiction of the Armed Forces and Chaplaincy of the Anglican Church in North America
jurisdiction of the armed forces and chaplaincy of the anglican church in north america,The Jurisdiction of the Armed Forces and Chaplaincy of the Anglican Church in North America
leadership conference for civil and human rights,The Leadership Conference on Civil and Human Rights
leadership conference on civil and human rights,The Leadership Conference on Civil and Human Rights
atlanta legal aid soc,The Legal Aid Society
legal aid soc,The Legal Aid Society
legal aid soc (new york),The Legal Aid Society
legal aid soc of mid-new york,The Legal Aid Society
legal aid soc of the city of new york,The Legal Aid Society
lutheran church missouri synod ministry to the armed forces,The Lutheran Church–Missouri Synod
lutheran church-missouri synod,The Lutheran Church–Missouri Synod
new york city residents alliance,The New York Residents Alliance
new york residents alliance,The New York Residents Alliance
nielsen company,"The Nielsen Company (US), LLC"
nielsen company (us),"The Nielsen Company (US), LLC"
office of the ohio public defender,The Ohio Public Defender
ohio public defender,The Ohio Public Defender
professional services council,The Professional Services Council
professional services council-the voice of the government services industry,The Professional Services Council
diocese of biloxi,The Roman Catholic Diocese of Biloxi
roman catholic diocese of biloxi,The Roman Catholic Diocese of Biloxi
roman catholic diocese of biloxi mississippi,The Roman Catholic Diocese of Biloxi
diocese of jackson,The Roman Catholic Diocese of Jackson
roman catholic diocese of jackson,The Roman Catholic Diocese of Jackson
minnesota pork producers assn,The State Pork Producer Associations of Minnesota
state pork producer assn of minnesota,The State Pork Producer Associations of Minnesota
united food and commercial workers intl union,The United Food and Commercial Workers International Union
united food and commercial workers western states council,The United Food and Commercial Workers International Union
tradition family and property,"Tradition, Family, Property, Inc."
tradition family property,"Tradition, Family, Property, Inc."
tyndale house ministries,Tyndale House Publishers
tyndale house publishers,Tyndale House Publishers
tzedek assn,Tzedek DC
tzedek dc,Tzedek DC
u.s. conference of mayors,U.S. Conference of Mayors
united states conference of mayors,U.S. Conference of Mayors
u.s. constitutional rights legal def. fund,U.S. Constitutional Rights Legal Defense Fund
u.s. constitutional rights legal defense fund,U.S. Constitutional Rights Legal Defense Fund
massachusetts public interest research grp,U.S. Public Interest Research Group
pennsylvania public interest research grp,U.S. Public Interest Research Group
u.s. public interest research grp,U.S. Public Interest Research Group
u.s. public interest research grp education fund,U.S. Public Interest Research Group
ujima: natl ctr on violence against women in the black community,Ujima Inc: National Center on Violence Against Women in the Black Community
ujima: the natl ctr on violence against women in the black community,Ujima Inc: National Center on Violence Against Women in the Black Community
unitarian universalist assn,Unitarian Universalist Association
unitarian universalist church,Unitarian Universalist Association
unitarian universalist service comm,Unitarian Universalist Association
united farm workers fdn,United Farm Workers of America
united farm workers of america,United Farm Workers of America
u.s. conference of catholic bishops,United States Conference of Catholic Bishops
united states conference of catholic bishops,United States Conference of Catholic Bishops
board of regents of the university of michigan,University of Michigan
university of michigan,University of Michigan
upmc,UPMC
upmc for you,UPMC
unite for reproductive and gender equity,URGE: Unite for Reproductive & Gender Equity
urge: unite for reproductive and gender equity,URGE: Unite for Reproductive & Gender Equity
u.s. inventor,US Inventor Inc.
us inventor,US Inventor Inc.
united south and eastern tribes sovereignty protection fund,USET Sovereignty Protection Fund
uset sovereignty protection fund,USET Sovereignty Protection Fund
u.t.o.p.i.a. seattle,UTOPIA Seattle
utopia seattle,UTOPIA Seattle
verizon,Verizon Services Corp.
verizon communications,Verizon Services Corp.
verizon services,Verizon Services Corp.
vermont network against domestic and sexual violence,Vermont Network Against Domestic or Sexual Violence
vermont network against domestic or sexual violence,Vermont Network Against Domestic or Sexual Violence
veterans of foreign wars,Veterans of Foreign Wars of the United States
veterans of foreign wars of the united states,Veterans of Foreign Wars of the United States
washington assn of sheriffs and police chiefs,Washington Association of Sheriffs and Police Chiefs
washington state assn of sheriffs and police chiefs,Washington Association of Sheriffs and Police Chiefs
state farm bureau org of washington,Washington Farm Bureau
washington farm bureau,Washington Farm Bureau
washington lawyers’ comm,Washington Lawyers’ Committee for Civil Rights and Urban Affairs
washington lawyers’ comm for civil rights and urban affairs,Washington Lawyers’ Committee for Civil Rights and Urban Affairs
neo philanthropy d/b/a we testify,We Testify
we testify,We Testify
whitman-walker health,Whitman-Walker Health
whitman-walker health (legal name whitman-walker clinic) and whitman-walker inst,Whitman-Walker Health
whole woman’s health alliance,Whole Woman’s Health Alliance
whole woman’s health alliance (va mn in tx),Whole Woman’s Health Alliance
wind of spirit,Wind of the Spirit Immigrant Resource Center
wind of the spirit immigrant resource ctr,Wind of the Spirit Immigrant Resource Center
women’s liberation front,Women’s Liberation Front
womens liberation front,Women’s Liberation Front
women’s refugee commission,Women’s Refugee Commission (WRC)
womens refugee commission,Women’s Refugee Commission (WRC)
world vision,"World Vision, Inc."
world vision (u.s.),"World Vision, Inc."
wv free,"WV FREE, Advocates for Reproductive Health, Rights and Justice"
wv free advocates for reproductive health rights and justice,"WV FREE, Advocates for Reproductive Health, Rights and Justice"
young america’s fdn,Young America’s Foundation
young americas fdn,Young America’s Foundation
young conservative of texas,Young Conservatives of Texas
young conservatives of texas,Young Conservatives of Texas